--
-- Script was generated by Devart dbForge Studio 2019 for MySQL, Version 8.1.45.0
-- Product home page: http://www.devart.com/dbforge/mysql/studio
-- Script date 02/07/2019 10:17:54 a. m.
-- Server version: 8.0.15
-- Client version: 4.1
--

-- 
-- Disable foreign keys
-- 
/*!40014 SET @OLD_FOREIGN_KEY_CHECKS=@@FOREIGN_KEY_CHECKS, FOREIGN_KEY_CHECKS=0 */;

-- 
-- Set SQL mode
-- 
/*!40101 SET @OLD_SQL_MODE=@@SQL_MODE, SQL_MODE='NO_AUTO_VALUE_ON_ZERO' */;

--
-- Set default database
--
USE cosechaexpress2;

--
-- Drop table `adm_precios_log`
--
DROP TABLE IF EXISTS adm_precios_log;

--
-- Drop table `adm_transacciones_log`
--
DROP TABLE IF EXISTS adm_transacciones_log;

--
-- Drop table `usuarios`
--
DROP TABLE IF EXISTS usuarios;

--
-- Drop procedure `lista_productos_descuento_cliente`
--
DROP PROCEDURE IF EXISTS lista_productos_descuento_cliente;

--
-- Drop procedure `restaurar_lista_precios`
--
DROP PROCEDURE IF EXISTS restaurar_lista_precios;

--
-- Drop table `producto_precio_esp`
--
DROP TABLE IF EXISTS producto_precio_esp;

--
-- Drop table `clientes`
--
DROP TABLE IF EXISTS clientes;

--
-- Drop table `equivalencias`
--
DROP TABLE IF EXISTS equivalencias;

--
-- Drop table `productos`
--
DROP TABLE IF EXISTS productos;

--
-- Drop table `mediciones`
--
DROP TABLE IF EXISTS mediciones;

--
-- Drop table `categorias_productos`
--
DROP TABLE IF EXISTS categorias_productos;

--
-- Set default database
--
USE cosechaexpress2;

--
-- Create table `categorias_productos`
--
CREATE TABLE categorias_productos (
  id_categoria int(11) NOT NULL AUTO_INCREMENT,
  nombre_categoria varchar(50) NOT NULL,
  PRIMARY KEY (id_categoria)
)
ENGINE = INNODB,
AUTO_INCREMENT = 24,
AVG_ROW_LENGTH = 780,
CHARACTER SET utf8mb4;

--
-- Create index `un_categoria` on table `categorias_productos`
--
ALTER TABLE categorias_productos
ADD UNIQUE INDEX un_categoria (nombre_categoria);

--
-- Create table `mediciones`
--
CREATE TABLE mediciones (
  id_medicion int(11) NOT NULL AUTO_INCREMENT,
  tipo_medicion varchar(45) NOT NULL,
  PRIMARY KEY (id_medicion)
)
ENGINE = INNODB,
AUTO_INCREMENT = 5,
AVG_ROW_LENGTH = 3276,
CHARACTER SET utf8mb4;

--
-- Create table `productos`
--
CREATE TABLE productos (
  id_producto int(11) NOT NULL AUTO_INCREMENT,
  nombre_producto varchar(40) NOT NULL,
  id_medicion int(11) NOT NULL,
  existencia float(10, 6) NOT NULL,
  existencia_min float(10, 6) NOT NULL,
  existencia_max float(10, 6) NOT NULL,
  precio_semanal float(10, 6) DEFAULT NULL,
  status varchar(1) NOT NULL DEFAULT 'A',
  fecha_creacion datetime NOT NULL,
  creado_por varchar(30) NOT NULL,
  fecha_ultima_modificacion datetime DEFAULT NULL,
  fecha_modificacion_por varchar(30) DEFAULT NULL,
  id_categoria int(11) DEFAULT NULL,
  PRIMARY KEY (id_producto)
)
ENGINE = INNODB,
AUTO_INCREMENT = 347,
AVG_ROW_LENGTH = 198,
CHARACTER SET utf8mb4;

--
-- Create foreign key
--
ALTER TABLE productos
ADD CONSTRAINT fk_id_categoria_prod_productos FOREIGN KEY (id_categoria)
REFERENCES categorias_productos (id_categoria);

--
-- Create foreign key
--
ALTER TABLE productos
ADD CONSTRAINT fk_id_medicion_productos FOREIGN KEY (id_medicion)
REFERENCES mediciones (id_medicion);

--
-- Create table `equivalencias`
--
CREATE TABLE equivalencias (
  id_equivalencia int(11) NOT NULL AUTO_INCREMENT,
  equivalencia1 float(8, 2) DEFAULT NULL,
  medicionEquiv1 int(11) DEFAULT NULL,
  equivalencia2 float(8, 2) DEFAULT NULL,
  medicionEquiv2 int(11) DEFAULT NULL,
  id_producto int(11) NOT NULL,
  fecha_creacion datetime NOT NULL,
  creado_por varchar(30) NOT NULL,
  fecha_ultima_modificacion datetime DEFAULT NULL,
  fecha_modificacion_por varchar(30) DEFAULT NULL,
  porcentaje float(10, 4) DEFAULT NULL,
  PRIMARY KEY (id_equivalencia)
)
ENGINE = INNODB,
AUTO_INCREMENT = 298,
AVG_ROW_LENGTH = 61,
CHARACTER SET utf8mb4;

--
-- Create index `un_id_producto` on table `equivalencias`
--
ALTER TABLE equivalencias
ADD UNIQUE INDEX un_id_producto (id_producto);

--
-- Create foreign key
--
ALTER TABLE equivalencias
ADD CONSTRAINT fk_id_producto_equivalencias FOREIGN KEY (id_producto)
REFERENCES productos (id_producto);

--
-- Create foreign key
--
ALTER TABLE equivalencias
ADD CONSTRAINT fk_medicionEquiv1_equivalencias FOREIGN KEY (medicionEquiv1)
REFERENCES mediciones (id_medicion);

--
-- Create foreign key
--
ALTER TABLE equivalencias
ADD CONSTRAINT fk_medicionEquiv2_equivalencias FOREIGN KEY (medicionEquiv2)
REFERENCES mediciones (id_medicion);

--
-- Create table `clientes`
--
CREATE TABLE clientes (
  id_cliente int(11) NOT NULL AUTO_INCREMENT,
  nombre_cliente varchar(50) DEFAULT NULL,
  apellido1_cliente varchar(50) DEFAULT NULL,
  apellido2_cliente varchar(50) DEFAULT NULL,
  nombre_empresa_cliente varchar(50) NOT NULL,
  telefono_cliente varchar(20) DEFAULT NULL,
  correo_cliente varchar(255) NOT NULL,
  fecha_creacion date NOT NULL,
  creado_por varchar(30) NOT NULL,
  fecha_ultima_modificacion date DEFAULT NULL,
  fecha_modificacion_por varchar(30) DEFAULT NULL,
  status varchar(1) NOT NULL DEFAULT 'A',
  PRIMARY KEY (id_cliente)
)
ENGINE = INNODB,
AUTO_INCREMENT = 76,
AVG_ROW_LENGTH = 1092,
CHARACTER SET utf8mb4;

--
-- Create table `producto_precio_esp`
--
CREATE TABLE producto_precio_esp (
  id_producto_precio_esp int(11) NOT NULL AUTO_INCREMENT,
  id_cliente int(11) NOT NULL,
  id_producto int(11) NOT NULL,
  precio_especial float(10, 4) DEFAULT NULL,
  porcentaje float(10, 4) DEFAULT NULL,
  PRIMARY KEY (id_producto_precio_esp)
)
ENGINE = INNODB,
AUTO_INCREMENT = 140,
AVG_ROW_LENGTH = 165,
CHARACTER SET utf8mb4;

--
-- Create foreign key
--
ALTER TABLE producto_precio_esp
ADD CONSTRAINT fk_id_producto_precio_esp_clientes FOREIGN KEY (id_cliente)
REFERENCES clientes (id_cliente);

--
-- Create foreign key
--
ALTER TABLE producto_precio_esp
ADD CONSTRAINT fk_id_producto_precio_esp_productos FOREIGN KEY (id_producto)
REFERENCES productos (id_producto);

DELIMITER $$

--
-- Create procedure `restaurar_lista_precios`
--
CREATE DEFINER = 'root'@'%'
PROCEDURE restaurar_lista_precios (IN id_cliente_p int)
BEGIN
  DECLARE done int DEFAULT FALSE;
  DECLARE precio_especial,
          precio_especial_porcentaje float;
  DECLARE id_producto_temp int DEFAULT 0;
  DECLARE cursor_productos CURSOR FOR
  SELECT
    id_producto
  FROM producto_precio_esp
  WHERE id_cliente = id_cliente_p;
  DECLARE CONTINUE HANDLER FOR NOT FOUND SET done = TRUE;
  DECLARE EXIT HANDLER FOR SQLEXCEPTION
  BEGIN
    ROLLBACK;
    SELECT
      'ERROR';
    RESIGNAL;
  END;

  OPEN cursor_productos;

  START TRANSACTION;

  read_loop:
    LOOP

      IF done THEN
      COMMIT;
      SELECT
        'OK';
      LEAVE read_loop;
    END IF;

    FETCH cursor_productos INTO id_producto_temp;

    SELECT
      p.precio_semanal INTO @precio_actual
    FROM productos p
    WHERE p.id_producto = id_producto_temp;

    UPDATE producto_precio_esp ppe
    SET ppe.precio_especial = @precio_actual,
        ppe.porcentaje = NULL
    WHERE ppe.id_cliente = id_cliente_p
    AND ppe.id_producto = id_producto_temp;

  END LOOP;

  COMMIT;
END
$$

--
-- Create procedure `lista_productos_descuento_cliente`
--
CREATE DEFINER = 'root'@'%'
PROCEDURE lista_productos_descuento_cliente (IN id_cliente_p int, IN porcentaje_p float, IN operacion varchar(100))
BEGIN
  DECLARE done int DEFAULT FALSE;
  DECLARE precio_especial_p,
          precio_especial_porcentaje,
          precio_especial_temp float;
  DECLARE id_producto_temp int DEFAULT 0;
  DECLARE cursor_productos CURSOR FOR
  SELECT
    id_producto,
    precio_especial
  FROM producto_precio_esp
  WHERE id_cliente = id_cliente_p;
  DECLARE CONTINUE HANDLER FOR NOT FOUND SET done = TRUE;
  DECLARE EXIT HANDLER FOR SQLEXCEPTION
  BEGIN
    ROLLBACK;
    SELECT
      'ERROR';
  END;

  OPEN cursor_productos;

  START TRANSACTION;

  read_loop:
    LOOP

      IF done THEN
      COMMIT;
      SELECT
        'OK';
      LEAVE read_loop;
    END IF;

    FETCH cursor_productos INTO id_producto_temp, precio_especial_temp;

    SELECT
      e.equivalencia1,
      e.equivalencia2 INTO @equivalencia1, @equivalencia2
    FROM equivalencias e
    WHERE e.id_producto = id_producto_temp;

    CASE operacion
      WHEN '+' THEN SET precio_especial_p = precio_especial_temp + (@equivalencia1 / @equivalencia2) * (porcentaje_p / 100);
      WHEN '-' THEN SET precio_especial_p = (@equivalencia1 / @equivalencia2) - ((porcentaje_p * (@equivalencia1 / @equivalencia2)) / 100);
      ELSE LEAVE read_loop;
    END CASE;

    UPDATE producto_precio_esp ppe
    SET ppe.porcentaje = porcentaje_p,
        ppe.precio_especial = precio_especial_p
    WHERE ppe.id_cliente = id_cliente_p
    AND ppe.id_producto = id_producto_temp;

  END LOOP;

  CLOSE cursor_productos;

END
$$

DELIMITER ;

--
-- Create table `usuarios`
--
CREATE TABLE usuarios (
  id_usuario int(11) NOT NULL AUTO_INCREMENT,
  nombre_empleado varchar(50) NOT NULL,
  nombre_usuario varchar(50) NOT NULL,
  contrasena text NOT NULL,
  role varchar(100) NOT NULL,
  fecha_creacion datetime NOT NULL,
  creado_por varchar(30) NOT NULL,
  fecha_ultima_modificacion datetime DEFAULT NULL,
  fecha_modificacion_por varchar(30) DEFAULT NULL,
  status varchar(1) NOT NULL DEFAULT 'A',
  PRIMARY KEY (id_usuario)
)
ENGINE = INNODB,
AUTO_INCREMENT = 57,
AVG_ROW_LENGTH = 372,
CHARACTER SET utf8mb4;

--
-- Create index `nombre_usuario_un` on table `usuarios`
--
ALTER TABLE usuarios
ADD UNIQUE INDEX nombre_usuario_un (nombre_usuario);

--
-- Create table `adm_transacciones_log`
--
CREATE TABLE adm_transacciones_log (
  id_transaccion int(11) NOT NULL AUTO_INCREMENT,
  nombre_tabla varchar(100) DEFAULT NULL,
  nombre_objeto varchar(100) DEFAULT NULL,
  id_objeto varchar(50) DEFAULT NULL,
  tipo_transaccion varchar(50) DEFAULT NULL,
  descripcion varchar(100) DEFAULT NULL,
  fecha_creacion datetime DEFAULT CURRENT_TIMESTAMP,
  PRIMARY KEY (id_transaccion)
)
ENGINE = INNODB,
AUTO_INCREMENT = 179,
AVG_ROW_LENGTH = 115,
CHARACTER SET utf8mb4;

--
-- Create table `adm_precios_log`
--
CREATE TABLE adm_precios_log (
  id_precio_log int(11) NOT NULL AUTO_INCREMENT,
  nombre_tabla varchar(100) DEFAULT NULL,
  id_objeto int(11) DEFAULT NULL,
  id_cliente int(11) DEFAULT NULL,
  precio_anterior float DEFAULT NULL,
  precio_nuevo float DEFAULT NULL,
  fecha_creacion datetime DEFAULT CURRENT_TIMESTAMP,
  PRIMARY KEY (id_precio_log)
)
ENGINE = INNODB,
AUTO_INCREMENT = 26,
AVG_ROW_LENGTH = 682,
CHARACTER SET utf8mb4;

-- 
-- Dumping data for table mediciones
--
INSERT INTO mediciones VALUES
(1, 'KG'),
(2, 'MJO'),
(3, 'CHAROLA'),
(4, 'BOTE'),
(5, 'CAJA');

-- 
-- Dumping data for table categorias_productos
--
INSERT INTO categorias_productos VALUES
(1, 'Aguacate'),
(3, 'Azucar'),
(4, 'Canela'),
(5, 'Cebolla'),
(22, 'Champinon'),
(2, 'Chile'),
(6, 'Coco'),
(7, 'Comino'),
(8, 'Germen'),
(9, 'Hojas'),
(10, 'Jugos'),
(12, 'Limon'),
(24, 'Mango'),
(13, 'Manzana'),
(23, 'Naranja'),
(16, 'Oreagno'),
(15, 'Papa'),
(11, 'Pechugas'),
(17, 'Pimienta'),
(14, 'Pimiento'),
(18, 'Platano'),
(19, 'Tomate'),
(20, 'Uva'),
(21, 'Zanahoria');

-- 
-- Dumping data for table clientes
--
INSERT INTO clientes VALUES
(56, 'Ricardo', 'Medina', 'Lopez', 'Grupo TLK', '8122334455', 'ricardo.medina@tlk.com.mx', '2019-06-14', 'root@localhost', '2019-06-20', 'root@localhost', 'I'),
(57, 'Jose Ricardo', 'Medina', 'Lopez', 'RicharINC', '814834891', 'richar@gmail.com', '2019-06-14', 'root@localhost', '2019-06-18', 'root@localhost', 'I'),
(59, 'Hugo Alberto', 'Guerrero', 'San Miguel', 'Guerrero INC', '1231234141', 'guerrero01h@gmail.com', '2019-06-14', 'root@localhost', '2019-06-19', 'root@localhost', 'I'),
(60, 'Jose', 'Medina', 'Lopez', 'LopezINC', '8767896456', 'lopez@gmail.com', '2019-06-14', 'root@localhost', '2019-06-19', 'root@localhost', 'I'),
(62, 'Hugo', 'Guerrero', 'San miguel', 'HugoINC', '4234523', 'hug32o@gmail.com', '2019-06-14', 'root@localhost', '2019-06-14', 'root@localhost', 'I'),
(64, 'Jose ', 'Medina', 'Lopez', 'Lopezz', '342324888', 'lope@gmail.com', '2019-06-15', 'root@localhost', '2019-06-18', 'root@localhost', 'I'),
(65, 'Hugo 1', 'Guerrero', 'San Miguel', 'Guerreroz', '3242524', 'gue01@gmail.com', '2019-06-15', 'root@localhost', '2019-06-15', 'root@localhost', 'I'),
(66, 'Hugo Jose', 'Guerrero', 'Lopesz', 'H&M', '819348124', 'hm@gmail.com', '2019-06-02', 'root@localhost', '2019-06-19', 'root@localhost', 'I'),
(67, 'Jose Ricardo', 'Medina', 'Lopez', 'JoseRP', '43242395', 'rp@gmail.com', '2019-06-18', 'root@localhost', '2019-06-18', 'root@localhost', 'I'),
(68, 'Hugo', 'Guerrero', 'San Miguel', 'Grupo TLK1', '8921481941', 'guerrero01h@gmail.com', '2019-06-19', 'root@localhost', '2019-06-21', 'root@localhost', 'A'),
(69, 'Cosecha Express', 'San Nicolas', ' De los Garza', 'LaCosechaExpress', '127821281281', 'lacosechaexpress@hotmail.com', '2019-06-19', 'root@localhost', '2019-06-20', 'root@localhost', 'A'),
(70, 'MSCI', '', '', 'MSCI', '28934234', 'rikamedinalopez@gmail.com', '2019-06-19', 'root@localhost', '2019-06-22', 'root@localhost', 'A'),
(71, NULL, NULL, NULL, 'GRUPO TLK1', 'lkajsnd@gmail.com', '32143124', '2019-06-20', 'root@localhost', '2019-06-20', 'root@localhost', 'I'),
(72, NULL, NULL, NULL, 'kasjbd', NULL, 'askjndas@gmail.com', '2019-06-20', 'root@localhost', '2019-06-20', 'root@localhost', 'I'),
(73, NULL, NULL, NULL, 'Botanero Santa Lucia', '12312412', 'botanerosantalucia@gmail.com', '2019-06-20', 'root@localhost', '2019-06-20', 'root@localhost', 'I'),
(74, '', NULL, NULL, 'Botanero Santa Lucia', '8127327832', 'riky_030498@live.com', '2019-06-20', 'root@localhost', '2019-06-22', 'root@localhost', 'A'),
(75, 'nombre', NULL, NULL, 'hugoboss', '32123', 'guerrero01h@gmail.com', '2019-06-22', 'root@localhost', '2019-06-22', 'root@localhost', 'I'),
(76, 'lolo', NULL, NULL, 'hugoboss1', '21323', 'guerrero01h@gmail.com', '2019-06-22', 'root@localhost', '2019-06-22', 'root@localhost', 'I');

-- 
-- Dumping data for table productos
--
INSERT INTO productos VALUES
(42, 'ACEITE', 1, 0.000000, 0.000000, 0.000000, 12.000000, 'A', '2019-06-13 11:53:41', 'root@localhost', '2019-07-04 10:52:37', 'root@localhost', NULL),
(43, 'ACELGA', 3, 0.000000, 0.000000, 0.000000, 120.000000, 'A', '2019-06-13 12:01:28', 'root@localhost', '2019-06-29 10:36:01', 'root@localhost', NULL),
(44, 'ACHIOTE', 4, 0.000000, 0.000000, 0.000000, 8.440000, 'A', '2019-06-13 12:02:32', 'root@localhost', '2019-06-20 13:34:37', 'root@localhost', NULL),
(45, 'AGUACATE 1ERA.', 1, 0.000000, 0.000000, 0.000000, 8.780000, 'A', '2019-06-13 12:02:53', 'root@localhost', '2019-06-18 09:12:14', 'root@localhost', 1),
(46, 'AGUACATE ', 1, 0.000000, 0.000000, 0.000000, 7.890000, 'A', '2019-06-13 12:02:59', 'root@localhost', '2019-06-22 06:03:53', 'root@localhost', 1),
(47, 'AGUACATE EXTRA', 1, 0.000000, 0.000000, 0.000000, 123.000000, 'A', '2019-06-13 12:03:13', 'root@localhost', '2019-06-27 08:16:20', 'root@localhost', 1),
(48, 'AGUACATE SUPER EXTRA', 1, 0.000000, 0.000000, 0.000000, 98.000000, 'A', '2019-06-13 12:03:21', 'root@localhost', '2019-06-20 13:35:18', 'root@localhost', 1),
(49, 'AJO', 1, 0.000000, 0.000000, 0.000000, 12.000000, 'A', '2019-06-13 12:04:34', 'root@localhost', '2019-06-20 13:35:26', 'root@localhost', NULL),
(50, 'AJONJOLI', 1, 0.000000, 0.000000, 0.000000, 54.000000, 'A', '2019-06-13 12:04:50', 'root@localhost', '2019-06-27 13:14:01', 'root@localhost', NULL),
(51, 'ALBACAR', 1, 0.000000, 0.000000, 0.000000, 544.000000, 'A', '2019-06-13 12:08:47', 'root@localhost', '2019-07-02 14:21:04', 'root@localhost', NULL),
(52, 'ALCACHOFA', 1, 0.000000, 0.000000, 0.000000, 64.000000, 'A', '2019-06-13 12:09:44', 'root@localhost', '2019-06-27 09:34:00', 'root@localhost', NULL),
(53, 'ALFALFA', 1, 0.000000, 0.000000, 0.000000, 20.000000, 'A', '2019-06-13 12:09:55', 'root@localhost', '2019-07-02 14:20:40', 'root@localhost', NULL),
(54, 'ALMENDRA ENTERA', 1, 0.000000, 0.000000, 0.000000, 65.000000, 'A', '2019-06-13 12:10:19', 'root@localhost', '2019-06-27 13:12:08', 'root@localhost', NULL),
(55, 'ALMENDRA REBANADA', 1, 0.000000, 0.000000, 0.000000, NULL, 'A', '2019-06-13 12:10:28', 'root@localhost', NULL, NULL, NULL),
(56, 'ALUBIAS', 1, 0.000000, 0.000000, 0.000000, NULL, 'A', '2019-06-13 12:10:54', 'root@localhost', NULL, NULL, NULL),
(57, 'AMARANTO', 1, 0.000000, 0.000000, 0.000000, NULL, 'A', '2019-06-13 12:11:06', 'root@localhost', NULL, NULL, NULL),
(58, 'ANIZ ESTRELLA', 1, 0.000000, 0.000000, 0.000000, 123.430000, 'A', '2019-06-13 12:11:19', 'root@localhost', '2019-06-27 08:52:41', 'root@localhost', NULL),
(59, 'APIO', 1, 0.000000, 0.000000, 0.000000, NULL, 'A', '2019-06-13 12:11:27', 'root@localhost', NULL, NULL, NULL),
(60, 'ARANDANO', 1, 0.000000, 0.000000, 0.000000, 21.000000, 'A', '2019-06-13 12:11:36', 'root@localhost', '2019-09-08 13:46:29', 'root@localhost', NULL),
(61, 'ARROZ', 1, 0.000000, 0.000000, 0.000000, NULL, 'A', '2019-06-13 12:11:43', 'root@localhost', NULL, NULL, NULL),
(62, 'ARUGULA', 1, 0.000000, 0.000000, 0.000000, NULL, 'A', '2019-06-13 12:12:23', 'root@localhost', NULL, NULL, NULL),
(63, 'ATE', 1, 0.000000, 0.000000, 0.000000, NULL, 'A', '2019-06-13 12:12:29', 'root@localhost', NULL, NULL, NULL),
(64, 'AVELLANA', 1, 0.000000, 0.000000, 0.000000, NULL, 'A', '2019-06-13 12:12:38', 'root@localhost', NULL, NULL, NULL),
(65, 'AVENA', 1, 0.000000, 0.000000, 0.000000, NULL, 'A', '2019-06-13 12:12:44', 'root@localhost', NULL, NULL, NULL),
(66, 'AZAFRAN', 1, 0.000000, 0.000000, 0.000000, NULL, 'A', '2019-06-13 12:12:52', 'root@localhost', NULL, NULL, NULL),
(67, 'AZUCAR BLANCA', 1, 0.000000, 0.000000, 0.000000, NULL, 'A', '2019-06-13 12:13:02', 'root@localhost', NULL, NULL, NULL),
(68, 'AZUCAR MORENA', 1, 0.000000, 0.000000, 0.000000, NULL, 'A', '2019-06-13 12:13:08', 'root@localhost', NULL, NULL, NULL),
(69, 'BERENJENA', 1, 0.000000, 0.000000, 0.000000, NULL, 'A', '2019-06-13 12:14:39', 'root@localhost', NULL, NULL, NULL),
(70, 'BERRO', 1, 0.000000, 0.000000, 0.000000, NULL, 'A', '2019-06-13 12:14:46', 'root@localhost', NULL, NULL, NULL),
(71, 'BERZA', 1, 0.000000, 0.000000, 0.000000, NULL, 'A', '2019-06-13 12:14:52', 'root@localhost', NULL, NULL, NULL),
(72, 'BETABEL', 1, 0.000000, 0.000000, 0.000000, NULL, 'A', '2019-06-13 12:15:05', 'root@localhost', NULL, NULL, NULL),
(73, 'BLUEBERRY', 1, 0.000000, 0.000000, 0.000000, NULL, 'A', '2019-06-13 12:15:48', 'root@localhost', NULL, NULL, NULL),
(74, 'MALVAVISCOS', 1, 0.000000, 0.000000, 0.000000, NULL, 'A', '2019-06-13 12:16:00', 'root@localhost', NULL, NULL, NULL),
(75, 'BROCOLI', 1, 0.000000, 0.000000, 0.000000, NULL, 'A', '2019-06-13 12:16:06', 'root@localhost', NULL, NULL, NULL),
(76, 'CACAHUATE PELADO', 1, 0.000000, 0.000000, 0.000000, NULL, 'A', '2019-06-13 12:16:17', 'root@localhost', NULL, NULL, NULL),
(77, 'CAFE', 1, 0.000000, 0.000000, 0.000000, NULL, 'A', '2019-06-13 12:18:43', 'root@localhost', NULL, NULL, NULL),
(78, 'CAMARON', 1, 0.000000, 0.000000, 0.000000, NULL, 'A', '2019-06-13 12:20:53', 'root@localhost', NULL, NULL, NULL),
(79, 'CALABAZA', 1, 0.000000, 0.000000, 0.000000, NULL, 'A', '2019-06-13 12:21:13', 'root@localhost', NULL, NULL, NULL),
(80, 'CAMOTE', 1, 0.000000, 0.000000, 0.000000, NULL, 'A', '2019-06-13 12:21:57', 'root@localhost', NULL, NULL, NULL),
(81, 'CANELA ENTERA', 1, 0.000000, 0.000000, 0.000000, NULL, 'A', '2019-06-13 12:22:34', 'root@localhost', NULL, NULL, 4),
(82, 'CANELA MOLIDA', 1, 0.000000, 0.000000, 0.000000, 1.880000, 'A', '2019-06-13 12:22:42', 'root@localhost', '2019-06-22 09:33:11', 'root@localhost', 4),
(83, 'CARBON', 1, 0.000000, 0.000000, 0.000000, NULL, 'A', '2019-06-13 12:23:11', 'root@localhost', NULL, NULL, NULL),
(84, 'CAÑA', 1, 0.000000, 0.000000, 0.000000, 34.000000, 'A', '2019-06-13 12:23:33', 'root@localhost', '2019-06-22 09:31:49', 'root@localhost', NULL),
(85, 'CEBADA', 1, 0.000000, 0.000000, 0.000000, 1.230000, 'A', '2019-06-13 12:23:40', 'root@localhost', '2019-06-22 09:34:28', 'root@localhost', NULL),
(86, 'CEBOLLA BLANCA', 1, 0.000000, 0.000000, 0.000000, NULL, 'A', '2019-06-13 12:23:52', 'root@localhost', NULL, NULL, 5),
(87, 'CEBOLLA CAMBRAY', 1, 0.000000, 0.000000, 0.000000, NULL, 'A', '2019-06-13 12:24:05', 'root@localhost', NULL, NULL, 5),
(88, 'CEBOLLA MODARA', 1, 0.000000, 0.000000, 0.000000, NULL, 'A', '2019-06-13 12:24:20', 'root@localhost', NULL, NULL, 5),
(89, 'CEBOLLA RABO', 1, 0.000000, 0.000000, 0.000000, 54.000000, 'A', '2019-06-13 12:24:24', 'root@localhost', '2019-06-22 09:30:30', 'root@localhost', 5),
(90, 'CEBOLLIN', 1, 0.000000, 0.000000, 0.000000, NULL, 'A', '2019-06-13 12:24:40', 'root@localhost', NULL, NULL, 5),
(91, 'CHALOT', 1, 0.000000, 0.000000, 0.000000, 54.000000, 'A', '2019-06-13 12:25:02', 'root@localhost', '2019-06-22 09:29:55', 'root@localhost', NULL),
(92, 'CHAMOY', 1, 0.000000, 0.000000, 0.000000, NULL, 'A', '2019-06-13 12:25:10', 'root@localhost', NULL, NULL, NULL),
(93, 'CHAMPIÑON', 1, 0.000000, 0.000000, 0.000000, NULL, 'A', '2019-06-13 12:27:43', 'root@localhost', NULL, NULL, 22),
(94, 'CHAMPIÑON CREMINI', 1, 0.000000, 0.000000, 0.000000, NULL, 'A', '2019-06-13 12:27:51', 'root@localhost', NULL, NULL, 22),
(95, 'CHILE  ANCHO', 1, 0.000000, 0.000000, 0.000000, NULL, 'A', '2019-06-13 12:28:39', 'root@localhost', NULL, NULL, 2),
(96, 'CHILE ARBOL', 1, 0.000000, 0.000000, 0.000000, NULL, 'A', '2019-06-13 12:28:51', 'root@localhost', NULL, NULL, 2),
(97, 'CHILE CAMBRAY', 1, 0.000000, 0.000000, 0.000000, NULL, 'A', '2019-06-13 12:29:07', 'root@localhost', NULL, NULL, 2),
(98, 'CHILE CARIBE', 1, 0.000000, 0.000000, 0.000000, NULL, 'A', '2019-06-13 12:29:13', 'root@localhost', NULL, NULL, 2),
(99, 'CHILE CASCABEL', 1, 0.000000, 0.000000, 0.000000, NULL, 'A', '2019-06-13 12:29:18', 'root@localhost', NULL, NULL, 2),
(100, 'CHILE CHILACA', 1, 0.000000, 0.000000, 0.000000, NULL, 'A', '2019-06-13 12:30:06', 'root@localhost', NULL, NULL, 2),
(101, 'CHILE CHIPOTLE', 1, 0.000000, 0.000000, 0.000000, NULL, 'A', '2019-06-13 12:30:15', 'root@localhost', NULL, NULL, 2),
(102, 'CHILE CUARESMEÑO', 1, 0.000000, 0.000000, 0.000000, NULL, 'A', '2019-06-13 12:30:31', 'root@localhost', NULL, NULL, 2),
(103, 'CHILE GUAJILLO', 1, 0.000000, 0.000000, 0.000000, NULL, 'A', '2019-06-13 12:30:41', 'root@localhost', NULL, NULL, 2),
(104, 'CHILE GÜERO', 1, 0.000000, 0.000000, 0.000000, NULL, 'A', '2019-06-13 12:31:02', 'root@localhost', NULL, NULL, 2),
(105, 'CHILE HABANERO VERDE', 1, 0.000000, 0.000000, 0.000000, NULL, 'A', '2019-06-13 12:31:37', 'root@localhost', NULL, NULL, 2),
(106, 'CHILE JAPONES', 1, 0.000000, 0.000000, 0.000000, NULL, 'A', '2019-06-13 12:31:53', 'root@localhost', NULL, NULL, 2),
(107, 'CHILE JALAPEÑO ROJO', 1, 0.000000, 0.000000, 0.000000, NULL, 'A', '2019-06-13 12:31:59', 'root@localhost', NULL, NULL, 2),
(108, 'CHILE JALAPEÑO VERDE', 1, 0.000000, 0.000000, 0.000000, NULL, 'A', '2019-06-13 12:32:04', 'root@localhost', NULL, NULL, 2),
(109, 'CHILE MORITA', 1, 0.000000, 0.000000, 0.000000, NULL, 'A', '2019-06-13 12:32:14', 'root@localhost', NULL, NULL, 2),
(110, 'CHILE MOLATO', 1, 0.000000, 0.000000, 0.000000, NULL, 'A', '2019-06-13 12:32:20', 'root@localhost', NULL, NULL, 2),
(111, 'CHILE PASILLA', 1, 0.000000, 0.000000, 0.000000, NULL, 'A', '2019-06-13 12:32:48', 'root@localhost', NULL, NULL, 2),
(112, 'CHILE PIQUIN', 1, 0.000000, 0.000000, 0.000000, NULL, 'A', '2019-06-13 12:32:54', 'root@localhost', NULL, NULL, 2),
(113, 'CHILE POBLANO', 1, 0.000000, 0.000000, 0.000000, NULL, 'A', '2019-06-13 12:33:04', 'root@localhost', NULL, NULL, 2),
(114, 'CHILE POBLANO (SELECCION)', 1, 0.000000, 0.000000, 0.000000, NULL, 'A', '2019-06-13 12:33:22', 'root@localhost', NULL, NULL, 2),
(115, 'CHILE EN POLVO', 1, 0.000000, 0.000000, 0.000000, NULL, 'A', '2019-06-13 12:33:29', 'root@localhost', NULL, NULL, 2),
(116, 'CHILE SERRANO', 1, 0.000000, 0.000000, 0.000000, NULL, 'A', '2019-06-13 12:33:38', 'root@localhost', NULL, NULL, 2),
(117, 'CHAYOTE ', 1, 0.000000, 0.000000, 0.000000, NULL, 'A', '2019-06-13 12:34:05', 'root@localhost', NULL, NULL, NULL),
(118, 'CHICHARO CONGELADO', 1, 0.000000, 0.000000, 0.000000, NULL, 'A', '2019-06-13 12:35:00', 'root@localhost', NULL, NULL, NULL),
(119, 'CHICHARO NIEVE', 1, 0.000000, 0.000000, 0.000000, NULL, 'A', '2019-06-13 12:35:05', 'root@localhost', NULL, NULL, NULL),
(120, 'CHICORY', 1, 0.000000, 0.000000, 0.000000, NULL, 'A', '2019-06-13 12:35:14', 'root@localhost', NULL, NULL, NULL),
(121, 'CILANTRO', 1, 0.000000, 0.000000, 0.000000, NULL, 'A', '2019-06-13 12:35:57', 'root@localhost', NULL, NULL, NULL),
(122, 'CIRUELA PASA SIN HUESO', 1, 0.000000, 0.000000, 0.000000, NULL, 'A', '2019-06-13 12:36:23', 'root@localhost', NULL, NULL, NULL),
(123, 'CIRUELA ROJA', 1, 0.000000, 0.000000, 0.000000, NULL, 'A', '2019-06-13 12:36:29', 'root@localhost', NULL, NULL, NULL),
(124, 'CLAVO', 1, 0.000000, 0.000000, 0.000000, NULL, 'A', '2019-06-13 12:36:38', 'root@localhost', NULL, NULL, NULL),
(125, 'COCO ENTERO', 1, 0.000000, 0.000000, 0.000000, NULL, 'A', '2019-06-13 12:37:31', 'root@localhost', NULL, NULL, 6),
(126, 'COCO RALLADO', 1, 0.000000, 0.000000, 0.000000, NULL, 'A', '2019-06-13 12:37:41', 'root@localhost', NULL, NULL, 6),
(127, 'COL DE BRUSELAS', 1, 0.000000, 0.000000, 0.000000, NULL, 'A', '2019-06-13 12:38:07', 'root@localhost', NULL, NULL, 6),
(128, 'COL CHINA', 1, 0.000000, 0.000000, 0.000000, NULL, 'A', '2019-06-13 12:38:14', 'root@localhost', NULL, NULL, 6),
(129, 'COLIFLOR', 1, 0.000000, 0.000000, 0.000000, NULL, 'A', '2019-06-13 12:38:19', 'root@localhost', NULL, NULL, 6),
(130, 'COMINO ENTERO', 1, 0.000000, 0.000000, 0.000000, NULL, 'A', '2019-06-13 12:38:55', 'root@localhost', NULL, NULL, 7),
(131, 'COMINO MOLIDO', 1, 0.000000, 0.000000, 0.000000, NULL, 'A', '2019-06-13 12:39:02', 'root@localhost', NULL, NULL, 7),
(132, 'CONCHITAS', 1, 0.000000, 0.000000, 0.000000, NULL, 'A', '2019-06-13 12:39:15', 'root@localhost', NULL, NULL, NULL),
(133, 'CONSOME DE POLLO', 1, 0.000000, 0.000000, 0.000000, NULL, 'A', '2019-06-13 12:39:26', 'root@localhost', NULL, NULL, NULL),
(134, 'CONSOME DE TOMATE', 1, 0.000000, 0.000000, 0.000000, NULL, 'A', '2019-06-13 12:39:32', 'root@localhost', NULL, NULL, NULL),
(135, 'CORAZON DE NUEZ', 1, 0.000000, 0.000000, 0.000000, NULL, 'A', '2019-06-13 12:39:42', 'root@localhost', NULL, NULL, NULL),
(136, 'CREMA', 1, 0.000000, 0.000000, 0.000000, NULL, 'A', '2019-06-13 12:39:48', 'root@localhost', NULL, NULL, NULL),
(137, 'CURCUMA', 1, 0.000000, 0.000000, 0.000000, NULL, 'A', '2019-06-13 12:40:09', 'root@localhost', NULL, NULL, NULL),
(138, 'CURRI', 1, 0.000000, 0.000000, 0.000000, NULL, 'A', '2019-06-13 12:40:14', 'root@localhost', NULL, NULL, NULL),
(139, 'DATIL', 1, 0.000000, 0.000000, 0.000000, NULL, 'A', '2019-06-13 12:40:19', 'root@localhost', NULL, NULL, NULL),
(140, 'DURANZO', 1, 0.000000, 0.000000, 0.000000, NULL, 'A', '2019-06-13 12:40:34', 'root@localhost', NULL, NULL, NULL),
(141, 'ECHALOT', 1, 0.000000, 0.000000, 0.000000, NULL, 'A', '2019-06-13 12:40:40', 'root@localhost', NULL, NULL, NULL),
(142, 'EJOTE', 1, 0.000000, 0.000000, 0.000000, NULL, 'A', '2019-06-13 12:40:46', 'root@localhost', NULL, NULL, NULL),
(143, 'ELOTE', 1, 0.000000, 0.000000, 0.000000, NULL, 'A', '2019-06-13 12:40:50', 'root@localhost', NULL, NULL, NULL),
(144, 'ELOTE GRANO', 1, 0.000000, 0.000000, 0.000000, NULL, 'A', '2019-06-13 12:41:01', 'root@localhost', NULL, NULL, NULL),
(145, 'ENDIVIA', 1, 0.000000, 0.000000, 0.000000, NULL, 'A', '2019-06-13 12:41:12', 'root@localhost', NULL, NULL, NULL),
(146, 'ENELDO', 1, 0.000000, 0.000000, 0.000000, NULL, 'A', '2019-06-13 12:41:21', 'root@localhost', NULL, NULL, NULL),
(147, 'ESPARRAGOS', 1, 0.000000, 0.000000, 0.000000, NULL, 'A', '2019-06-13 12:41:29', 'root@localhost', NULL, NULL, NULL),
(148, 'ESPINACAS', 1, 0.000000, 0.000000, 0.000000, NULL, 'A', '2019-06-13 12:41:39', 'root@localhost', NULL, NULL, NULL),
(149, 'FLOR DE CALABAZA', 1, 0.000000, 0.000000, 0.000000, NULL, 'A', '2019-06-13 12:41:50', 'root@localhost', NULL, NULL, NULL),
(150, 'FRAMBUESA', 1, 0.000000, 0.000000, 0.000000, NULL, 'A', '2019-06-13 12:42:01', 'root@localhost', NULL, NULL, NULL),
(151, 'FRESA', 1, 0.000000, 0.000000, 0.000000, NULL, 'A', '2019-06-13 12:42:06', 'root@localhost', NULL, NULL, NULL),
(152, 'FRIJOL NEGRO', 1, 0.000000, 0.000000, 0.000000, NULL, 'A', '2019-06-13 12:42:14', 'root@localhost', NULL, NULL, NULL),
(153, 'FRIJOL PINTO AMERICANO', 1, 0.000000, 0.000000, 0.000000, NULL, 'A', '2019-06-13 12:42:21', 'root@localhost', NULL, NULL, NULL),
(154, 'GARBANZO', 1, 0.000000, 0.000000, 0.000000, NULL, 'A', '2019-06-13 12:42:32', 'root@localhost', NULL, NULL, NULL),
(155, 'GERMEN DE LENTEJA', 1, 0.000000, 0.000000, 0.000000, NULL, 'A', '2019-06-13 12:43:06', 'root@localhost', NULL, NULL, 8),
(156, 'GERMEN DE GIRASOL', 1, 0.000000, 0.000000, 0.000000, NULL, 'A', '2019-06-13 12:43:17', 'root@localhost', NULL, NULL, 8),
(157, 'GERMEN DE TRIGO', 1, 0.000000, 0.000000, 0.000000, NULL, 'A', '2019-06-13 12:43:23', 'root@localhost', NULL, NULL, 8),
(158, 'GERMEN DE ZANAHORIA', 1, 0.000000, 0.000000, 0.000000, NULL, 'A', '2019-06-13 12:43:34', 'root@localhost', NULL, NULL, 8),
(159, 'GERMEN DE ALFALFA', 1, 0.000000, 0.000000, 0.000000, NULL, 'A', '2019-06-13 12:43:43', 'root@localhost', NULL, NULL, 8),
(160, 'GERMINADO DE KALE', 1, 0.000000, 0.000000, 0.000000, NULL, 'A', '2019-06-13 12:48:36', 'root@localhost', NULL, NULL, 8),
(161, 'GERMEN DE KALE', 1, 0.000000, 0.000000, 0.000000, NULL, 'A', '2019-06-13 12:49:15', 'root@localhost', NULL, NULL, 8),
(162, 'GRANJEAS', 1, 0.000000, 0.000000, 0.000000, NULL, 'A', '2019-06-13 12:49:37', 'root@localhost', NULL, NULL, NULL),
(163, 'GRANADA', 1, 0.000000, 0.000000, 0.000000, NULL, 'A', '2019-06-13 12:50:07', 'root@localhost', NULL, NULL, NULL),
(164, 'GRANADINA', 1, 0.000000, 0.000000, 0.000000, NULL, 'A', '2019-06-13 12:50:15', 'root@localhost', NULL, NULL, NULL),
(165, 'GRANOLA', 1, 0.000000, 0.000000, 0.000000, NULL, 'A', '2019-06-13 12:50:20', 'root@localhost', NULL, NULL, NULL),
(166, 'GUANABANA', 1, 0.000000, 0.000000, 0.000000, NULL, 'A', '2019-06-13 12:50:32', 'root@localhost', NULL, NULL, NULL),
(167, 'GUAYABA', 1, 0.000000, 0.000000, 0.000000, NULL, 'A', '2019-06-13 12:50:40', 'root@localhost', NULL, NULL, NULL),
(168, 'HABAS', 1, 0.000000, 0.000000, 0.000000, NULL, 'A', '2019-06-13 12:50:47', 'root@localhost', NULL, NULL, NULL),
(169, 'HARINA', 1, 0.000000, 0.000000, 0.000000, NULL, 'A', '2019-06-13 12:50:51', 'root@localhost', NULL, NULL, NULL),
(170, 'HERBABUENA', 1, 0.000000, 0.000000, 0.000000, NULL, 'A', '2019-06-13 12:50:59', 'root@localhost', NULL, NULL, NULL),
(171, 'HIERVA DE OLOR', 1, 0.000000, 0.000000, 0.000000, NULL, 'A', '2019-06-13 12:51:12', 'root@localhost', '2019-06-14 07:47:11', 'root@localhost', NULL),
(172, 'HIGO', 1, 0.000000, 0.000000, 0.000000, NULL, 'A', '2019-06-13 12:51:20', 'root@localhost', NULL, NULL, NULL),
(173, 'HINOJO', 1, 0.000000, 0.000000, 0.000000, NULL, 'A', '2019-06-13 12:51:25', 'root@localhost', NULL, NULL, NULL),
(174, 'HOJA DE AGUACATE ', 1, 0.000000, 0.000000, 0.000000, NULL, 'A', '2019-06-13 12:51:57', 'root@localhost', NULL, NULL, 9),
(175, 'HOJA DE PLATANO', 1, 0.000000, 0.000000, 0.000000, NULL, 'A', '2019-06-13 12:52:32', 'root@localhost', NULL, NULL, 9),
(176, 'HOJA SANTA', 1, 0.000000, 0.000000, 0.000000, NULL, 'A', '2019-06-13 12:52:47', 'root@localhost', NULL, NULL, 9),
(177, 'HOJA PARA TAMAL', 1, 0.000000, 0.000000, 0.000000, NULL, 'A', '2019-06-13 12:52:53', 'root@localhost', NULL, NULL, 9),
(178, 'HONGO CHITAKE', 1, 0.000000, 0.000000, 0.000000, NULL, 'A', '2019-06-13 12:53:06', 'root@localhost', '2019-06-13 12:54:51', 'root@localhost', NULL),
(179, 'HUEVO BLANCO', 1, 0.000000, 0.000000, 0.000000, NULL, 'A', '2019-06-13 12:53:15', 'root@localhost', '2019-06-13 12:54:59', 'root@localhost', NULL),
(180, 'HUITLACOCHE', 1, 0.000000, 0.000000, 0.000000, NULL, 'A', '2019-06-13 12:53:36', 'root@localhost', '2019-06-13 12:55:06', 'root@localhost', NULL),
(181, 'JABON', 1, 0.000000, 0.000000, 0.000000, NULL, 'A', '2019-06-13 12:53:42', 'root@localhost', '2019-06-13 12:55:12', 'root@localhost', NULL),
(182, 'JAMAICA', 1, 0.000000, 0.000000, 0.000000, NULL, 'A', '2019-06-13 12:53:46', 'root@localhost', '2019-06-13 12:54:19', 'root@localhost', NULL),
(183, 'JENGIBRE', 1, 0.000000, 0.000000, 0.000000, NULL, 'A', '2019-06-13 12:53:53', 'root@localhost', '2019-06-13 12:54:26', 'root@localhost', NULL),
(184, 'JICAMA', 1, 0.000000, 0.000000, 0.000000, NULL, 'A', '2019-06-13 12:53:58', 'root@localhost', '2019-06-13 12:55:23', 'root@localhost', NULL),
(185, 'JUGO DE TORONJA', 1, 0.000000, 0.000000, 0.000000, NULL, 'A', '2019-06-13 12:55:59', 'root@localhost', NULL, NULL, 10),
(186, 'JUGO DE ZANAHORIA', 1, 0.000000, 0.000000, 0.000000, NULL, 'A', '2019-06-13 12:56:07', 'root@localhost', NULL, NULL, 10),
(187, 'JUGO DE LIMON', 1, 0.000000, 0.000000, 0.000000, NULL, 'A', '2019-06-13 12:56:12', 'root@localhost', NULL, NULL, 10),
(188, 'JUGO DE NARANJA', 1, 0.000000, 0.000000, 0.000000, NULL, 'A', '2019-06-13 12:56:17', 'root@localhost', NULL, NULL, 10),
(189, 'KIWI', 1, 0.000000, 0.000000, 0.000000, NULL, 'A', '2019-06-13 12:56:29', 'root@localhost', NULL, NULL, NULL),
(190, 'LAUREL', 1, 0.000000, 0.000000, 0.000000, NULL, 'A', '2019-06-13 12:56:36', 'root@localhost', NULL, NULL, NULL),
(191, 'LECHE', 1, 0.000000, 0.000000, 0.000000, NULL, 'A', '2019-06-13 12:56:43', 'root@localhost', NULL, NULL, NULL),
(192, 'LENTEJAS', 1, 0.000000, 0.000000, 0.000000, NULL, 'A', '2019-06-13 12:56:58', 'root@localhost', NULL, NULL, NULL),
(193, 'LEMON GRASS', 1, 0.000000, 0.000000, 0.000000, NULL, 'A', '2019-06-13 12:57:06', 'root@localhost', NULL, NULL, NULL),
(194, 'LECHUGA RADICCION', 1, 0.000000, 0.000000, 0.000000, NULL, 'A', '2019-06-13 12:57:28', 'root@localhost', NULL, NULL, 11),
(195, 'LECHUGA ESCAROLA', 1, 0.000000, 0.000000, 0.000000, NULL, 'A', '2019-06-13 12:57:34', 'root@localhost', NULL, NULL, 11),
(196, 'LECHUGA FRANCESA', 1, 0.000000, 0.000000, 0.000000, NULL, 'A', '2019-06-13 12:57:56', 'root@localhost', NULL, NULL, 11),
(197, 'LECHUGA ITALIANA', 1, 0.000000, 0.000000, 0.000000, NULL, 'A', '2019-06-13 12:58:49', 'root@localhost', NULL, NULL, 11),
(198, 'LECHUGA MIXTA', 1, 0.000000, 0.000000, 0.000000, NULL, 'A', '2019-06-13 12:58:55', 'root@localhost', NULL, NULL, 11),
(199, 'LECHUGA OREJONA', 1, 0.000000, 0.000000, 0.000000, NULL, 'A', '2019-06-13 12:59:03', 'root@localhost', NULL, NULL, 11),
(200, 'LECHUGA ROMANA', 1, 0.000000, 0.000000, 0.000000, NULL, 'A', '2019-06-13 12:59:07', 'root@localhost', NULL, NULL, 11),
(201, 'LECHUGA SANGRIA', 1, 0.000000, 0.000000, 0.000000, NULL, 'A', '2019-06-13 12:59:16', 'root@localhost', NULL, NULL, 11),
(202, 'LEÑA', 1, 0.000000, 0.000000, 0.000000, NULL, 'A', '2019-06-13 12:59:40', 'root@localhost', NULL, NULL, NULL),
(203, 'LIMA', 1, 0.000000, 0.000000, 0.000000, NULL, 'A', '2019-06-13 12:59:54', 'root@localhost', NULL, NULL, 12),
(204, 'LIMON', 1, 0.000000, 0.000000, 0.000000, NULL, 'A', '2019-06-13 13:00:00', 'root@localhost', NULL, NULL, 12),
(205, 'LIMON AMARILLO', 1, 0.000000, 0.000000, 0.000000, NULL, 'A', '2019-06-13 13:00:10', 'root@localhost', NULL, NULL, 12),
(206, 'LIMON 300', 1, 0.000000, 0.000000, 0.000000, NULL, 'A', '2019-06-13 13:00:18', 'root@localhost', NULL, NULL, 12),
(207, 'LIMON SIN SEMILLAS', 1, 0.000000, 0.000000, 0.000000, NULL, 'A', '2019-06-13 13:00:28', 'root@localhost', NULL, NULL, 12),
(208, 'MAIZ', 1, 0.000000, 0.000000, 0.000000, NULL, 'A', '2019-06-13 13:01:35', 'root@localhost', NULL, NULL, NULL),
(209, 'FECULA DE MAIZ', 1, 0.000000, 0.000000, 0.000000, NULL, 'A', '2019-06-13 13:01:45', 'root@localhost', '2019-06-14 07:34:40', 'root@localhost', NULL),
(210, 'MANDARINA', 1, 0.000000, 0.000000, 0.000000, NULL, 'A', '2019-06-13 13:01:53', 'root@localhost', NULL, NULL, NULL),
(211, 'MANGO', 1, 0.000000, 0.000000, 0.000000, NULL, 'A', '2019-06-13 13:02:51', 'root@localhost', NULL, NULL, 24),
(212, 'MANGO ATAULFO', 1, 0.000000, 0.000000, 0.000000, NULL, 'A', '2019-06-13 13:02:58', 'root@localhost', NULL, NULL, 24),
(213, 'MANGO PETACON', 1, 0.000000, 0.000000, 0.000000, NULL, 'A', '2019-06-13 13:03:04', 'root@localhost', NULL, NULL, 24),
(214, 'MANGO CONGELADO', 1, 0.000000, 0.000000, 0.000000, NULL, 'A', '2019-06-13 13:03:16', 'root@localhost', NULL, NULL, 24),
(215, 'MANZANA SALTILLO', 1, 0.000000, 0.000000, 0.000000, NULL, 'A', '2019-06-13 13:03:33', 'root@localhost', NULL, NULL, 13),
(216, 'MANZANA GOLDEN', 1, 0.000000, 0.000000, 0.000000, 57.779999, 'A', '2019-06-13 13:03:41', 'root@localhost', '2019-06-19 10:53:40', 'root@localhost', 13),
(217, 'MANZANA GRANNY SMITH', 1, 0.000000, 0.000000, 0.000000, NULL, 'A', '2019-06-13 13:03:49', 'root@localhost', NULL, NULL, 13),
(218, 'MANZANA GRANNY ROJA', 1, 0.000000, 0.000000, 0.000000, NULL, 'A', '2019-06-13 13:03:53', 'root@localhost', NULL, NULL, 13),
(219, 'MANZANILLA', 1, 0.000000, 0.000000, 0.000000, NULL, 'A', '2019-06-13 13:04:16', 'root@localhost', NULL, NULL, NULL),
(220, 'MARACUYA', 1, 0.000000, 0.000000, 0.000000, NULL, 'A', '2019-06-13 13:04:22', 'root@localhost', NULL, NULL, NULL),
(221, 'MEJORANA', 1, 0.000000, 0.000000, 0.000000, NULL, 'A', '2019-06-13 13:04:29', 'root@localhost', NULL, NULL, NULL),
(222, 'MELON', 1, 0.000000, 0.000000, 0.000000, NULL, 'A', '2019-06-13 13:04:36', 'root@localhost', NULL, NULL, NULL),
(223, 'MELON VALENCIANO', 1, 0.000000, 0.000000, 0.000000, NULL, 'A', '2019-06-13 13:04:46', 'root@localhost', NULL, NULL, NULL),
(224, 'MENTA', 1, 0.000000, 0.000000, 0.000000, NULL, 'A', '2019-06-13 13:04:53', 'root@localhost', NULL, NULL, NULL),
(225, 'MIEL DE ABEJA', 1, 0.000000, 0.000000, 0.000000, NULL, 'A', '2019-06-13 13:05:02', 'root@localhost', NULL, NULL, NULL),
(226, 'MORA AZUL', 1, 0.000000, 0.000000, 0.000000, NULL, 'A', '2019-06-13 13:05:11', 'root@localhost', NULL, NULL, NULL),
(227, 'PIMIENTO MORRON AMARILLO', 1, 0.000000, 0.000000, 0.000000, NULL, 'A', '2019-06-13 13:05:35', 'root@localhost', NULL, NULL, 14),
(228, 'PIMIENTO MORRON NARANJA', 1, 0.000000, 0.000000, 0.000000, NULL, 'A', '2019-06-13 13:05:41', 'root@localhost', NULL, NULL, 14),
(229, 'PIMIENTO MORRON ROJO', 1, 0.000000, 0.000000, 0.000000, NULL, 'A', '2019-06-13 13:05:46', 'root@localhost', NULL, NULL, 14),
(230, 'PIMIENTO MORRON VERDE', 1, 0.000000, 0.000000, 0.000000, NULL, 'A', '2019-06-13 13:05:50', 'root@localhost', NULL, NULL, 14),
(231, 'NABO', 1, 0.000000, 0.000000, 0.000000, NULL, 'A', '2019-06-13 13:06:08', 'root@localhost', NULL, NULL, NULL),
(232, 'NARANJA', 1, 0.000000, 0.000000, 0.000000, NULL, 'A', '2019-06-13 13:06:47', 'root@localhost', NULL, NULL, 23),
(233, 'NARANJA P/JUGO', 1, 0.000000, 0.000000, 0.000000, NULL, 'A', '2019-06-13 13:07:05', 'root@localhost', NULL, NULL, 23),
(234, 'NOPAL', 1, 0.000000, 0.000000, 0.000000, NULL, 'A', '2019-06-13 13:07:12', 'root@localhost', NULL, NULL, NULL),
(235, 'NUEZ DE LA INDIA', 1, 0.000000, 0.000000, 0.000000, NULL, 'A', '2019-06-13 13:07:21', 'root@localhost', NULL, NULL, NULL),
(236, 'NUEZ MOSCADA', 1, 0.000000, 0.000000, 0.000000, NULL, 'A', '2019-06-13 13:07:29', 'root@localhost', NULL, NULL, NULL),
(237, 'OREGANO CHINO', 1, 0.000000, 0.000000, 0.000000, NULL, 'A', '2019-06-13 13:08:30', 'root@localhost', NULL, NULL, 16),
(238, 'OREGANO FRESCO', 1, 0.000000, 0.000000, 0.000000, NULL, 'A', '2019-06-13 13:08:37', 'root@localhost', NULL, NULL, 16),
(239, 'OREGANO NL', 1, 0.000000, 0.000000, 0.000000, NULL, 'A', '2019-06-13 13:08:41', 'root@localhost', NULL, NULL, 16),
(240, 'PAN', 1, 0.000000, 0.000000, 0.000000, NULL, 'A', '2019-06-13 13:08:45', 'root@localhost', '2019-06-13 13:09:23', 'root@localhost', NULL),
(241, 'PAN PARA HAMBURGUESA', 1, 0.000000, 0.000000, 0.000000, NULL, 'A', '2019-06-13 13:09:01', 'root@localhost', NULL, NULL, 16),
(242, 'PAN MOLIDO', 1, 0.000000, 0.000000, 0.000000, NULL, 'A', '2019-06-13 13:09:12', 'root@localhost', NULL, NULL, NULL),
(243, 'PAPA 1ERA', 1, 0.000000, 0.000000, 0.000000, NULL, 'A', '2019-06-13 13:09:54', 'root@localhost', NULL, NULL, 15),
(244, 'PAPA BLANCA', 1, 0.000000, 0.000000, 0.000000, NULL, 'A', '2019-06-13 13:09:59', 'root@localhost', NULL, NULL, 15),
(245, 'PAPA GALEANA', 1, 0.000000, 0.000000, 0.000000, NULL, 'A', '2019-06-13 13:10:10', 'root@localhost', NULL, NULL, 15),
(246, 'PAPAS DESHIGRATADAS', 1, 0.000000, 0.000000, 0.000000, NULL, 'A', '2019-06-13 13:10:48', 'root@localhost', NULL, NULL, 15),
(247, 'PAPAYA MARADOL', 1, 0.000000, 0.000000, 0.000000, NULL, 'A', '2019-06-13 13:11:05', 'root@localhost', NULL, NULL, NULL),
(248, 'PAPEL ENCERADO', 1, 0.000000, 0.000000, 0.000000, NULL, 'A', '2019-06-13 13:11:17', 'root@localhost', NULL, NULL, NULL),
(249, 'PAPEL ESTRASA', 1, 0.000000, 0.000000, 0.000000, NULL, 'A', '2019-06-13 13:11:28', 'root@localhost', NULL, NULL, NULL),
(250, 'PAPRIKA', 1, 0.000000, 0.000000, 0.000000, NULL, 'A', '2019-06-13 13:11:39', 'root@localhost', NULL, NULL, NULL),
(251, 'PASAS', 1, 0.000000, 0.000000, 0.000000, NULL, 'A', '2019-06-13 13:11:54', 'root@localhost', NULL, NULL, NULL),
(252, 'PEPINO', 1, 0.000000, 0.000000, 0.000000, NULL, 'A', '2019-06-13 13:12:00', 'root@localhost', NULL, NULL, NULL),
(253, 'PEPITA DE CALABAZA', 1, 0.000000, 0.000000, 0.000000, NULL, 'A', '2019-06-13 13:12:10', 'root@localhost', NULL, NULL, NULL),
(254, 'PEPITA DE GIRASOL', 1, 0.000000, 0.000000, 0.000000, NULL, 'A', '2019-06-13 13:12:16', 'root@localhost', NULL, NULL, NULL),
(255, 'PERA', 1, 0.000000, 0.000000, 0.000000, NULL, 'A', '2019-06-13 13:12:21', 'root@localhost', NULL, NULL, NULL),
(256, 'PEREJIL CHINO', 1, 0.000000, 0.000000, 0.000000, NULL, 'A', '2019-06-13 13:12:32', 'root@localhost', NULL, NULL, NULL),
(257, 'PEREJIL LISO', 1, 0.000000, 0.000000, 0.000000, NULL, 'A', '2019-06-13 13:12:36', 'root@localhost', NULL, NULL, NULL),
(258, 'PIEDRA POMEX', 1, 0.000000, 0.000000, 0.000000, NULL, 'A', '2019-06-13 13:12:49', 'root@localhost', NULL, NULL, NULL),
(259, 'PILONCILLO', 1, 0.000000, 0.000000, 0.000000, NULL, 'A', '2019-06-13 13:13:03', 'root@localhost', NULL, NULL, NULL),
(260, 'PIMIENTA ENTERA', 1, 0.000000, 0.000000, 0.000000, NULL, 'A', '2019-06-13 13:13:20', 'root@localhost', NULL, NULL, 17),
(261, 'PIMIENTA GORGA', 1, 0.000000, 0.000000, 0.000000, NULL, 'A', '2019-06-13 13:13:27', 'root@localhost', NULL, NULL, 17),
(262, 'PIMIENTA LIMON', 1, 0.000000, 0.000000, 0.000000, NULL, 'A', '2019-06-13 13:13:33', 'root@localhost', NULL, NULL, 17),
(263, 'PIMIENTA MOLIDA', 1, 0.000000, 0.000000, 0.000000, NULL, 'A', '2019-06-13 13:13:38', 'root@localhost', NULL, NULL, 17),
(264, 'PISTACHE', 1, 0.000000, 0.000000, 0.000000, NULL, 'A', '2019-06-13 13:13:51', 'root@localhost', NULL, NULL, NULL),
(265, 'PIÑA ESMERALDA', 1, 0.000000, 0.000000, 0.000000, NULL, 'A', '2019-06-13 13:14:08', 'root@localhost', NULL, NULL, NULL),
(266, 'PIÑA MIEL', 1, 0.000000, 0.000000, 0.000000, NULL, 'A', '2019-06-13 13:14:13', 'root@localhost', NULL, NULL, NULL),
(267, 'PIÑON', 1, 0.000000, 0.000000, 0.000000, NULL, 'A', '2019-06-13 13:14:21', 'root@localhost', NULL, NULL, NULL),
(268, 'PLATANO MACHO', 1, 0.000000, 0.000000, 0.000000, NULL, 'A', '2019-06-13 13:22:12', 'root@localhost', NULL, NULL, 18),
(269, 'PLATANO TABASCO', 1, 0.000000, 0.000000, 0.000000, NULL, 'A', '2019-06-13 13:22:21', 'root@localhost', NULL, NULL, 18),
(270, 'PORO', 1, 0.000000, 0.000000, 0.000000, NULL, 'A', '2019-06-13 13:22:31', 'root@localhost', NULL, NULL, NULL),
(271, 'PORTOBELLO', 1, 0.000000, 0.000000, 0.000000, NULL, 'A', '2019-06-13 13:22:38', 'root@localhost', NULL, NULL, NULL),
(272, 'PURE DE PAPA', 1, 0.000000, 0.000000, 0.000000, NULL, 'A', '2019-06-13 13:22:45', 'root@localhost', NULL, NULL, NULL),
(273, 'QUINOA', 1, 0.000000, 0.000000, 0.000000, NULL, 'A', '2019-06-13 13:22:51', 'root@localhost', NULL, NULL, NULL),
(274, 'RABANO', 1, 0.000000, 0.000000, 0.000000, NULL, 'A', '2019-06-13 13:22:57', 'root@localhost', NULL, NULL, NULL),
(275, 'REPOLLO BLANCO', 1, 0.000000, 0.000000, 0.000000, NULL, 'A', '2019-06-13 13:23:06', 'root@localhost', NULL, NULL, NULL),
(276, 'REPOLLO MORADO', 1, 0.000000, 0.000000, 0.000000, NULL, 'A', '2019-06-13 13:23:13', 'root@localhost', NULL, NULL, NULL),
(277, 'ROMERITOS', 1, 0.000000, 0.000000, 0.000000, NULL, 'A', '2019-06-13 13:23:23', 'root@localhost', NULL, NULL, NULL),
(278, 'ROMERO', 1, 0.000000, 0.000000, 0.000000, NULL, 'A', '2019-06-13 13:23:27', 'root@localhost', NULL, NULL, NULL),
(279, 'SAL', 1, 0.000000, 0.000000, 0.000000, NULL, 'A', '2019-06-13 13:23:32', 'root@localhost', NULL, NULL, NULL),
(280, 'SALVIA', 1, 0.000000, 0.000000, 0.000000, NULL, 'A', '2019-06-13 13:23:37', 'root@localhost', NULL, NULL, NULL),
(281, 'SANDIA', 1, 0.000000, 0.000000, 0.000000, NULL, 'I', '2019-06-13 13:23:41', 'root@localhost', '2019-06-14 11:49:20', 'root@localhost', NULL),
(282, 'SEMILLA DE CALABAZA', 1, 0.000000, 0.000000, 0.000000, NULL, 'A', '2019-06-13 13:23:49', 'root@localhost', NULL, NULL, NULL),
(283, 'SEMILLA DE GIRASOL', 1, 0.000000, 0.000000, 0.000000, NULL, 'A', '2019-06-13 13:23:56', 'root@localhost', NULL, NULL, NULL),
(284, 'SOYA TEXTURIZADA', 1, 0.000000, 0.000000, 0.000000, NULL, 'A', '2019-06-13 13:24:06', 'root@localhost', NULL, NULL, NULL),
(285, 'TAMARINDO', 1, 0.000000, 0.000000, 0.000000, NULL, 'A', '2019-06-13 13:24:14', 'root@localhost', NULL, NULL, NULL),
(286, 'TOMATE BOLA', 1, 0.000000, 0.000000, 0.000000, NULL, 'A', '2019-06-13 13:24:24', 'root@localhost', NULL, NULL, 19),
(287, 'TOMATE CHERRY', 1, 0.000000, 0.000000, 0.000000, NULL, 'A', '2019-06-13 13:24:28', 'root@localhost', NULL, NULL, 19),
(288, 'TOMATE HUAJE', 1, 0.000000, 0.000000, 0.000000, NULL, 'A', '2019-06-13 13:24:53', 'root@localhost', NULL, NULL, 19),
(289, 'TOMATE HUAJE SALSA', 1, 0.000000, 0.000000, 0.000000, NULL, 'A', '2019-06-13 13:24:57', 'root@localhost', NULL, NULL, 19),
(290, 'TOMATE HUAJE VERDE', 1, 0.000000, 0.000000, 0.000000, NULL, 'A', '2019-06-13 13:25:04', 'root@localhost', NULL, NULL, 19),
(291, 'TOMATE SALADETTE', 1, 0.000000, 0.000000, 0.000000, NULL, 'A', '2019-06-13 13:25:13', 'root@localhost', NULL, NULL, 19),
(292, 'TOMATILLO LIMPIO', 1, 0.000000, 0.000000, 0.000000, NULL, 'A', '2019-06-13 13:25:33', 'root@localhost', NULL, NULL, NULL),
(293, 'TOMILLO', 1, 0.000000, 0.000000, 0.000000, NULL, 'A', '2019-06-13 13:25:40', 'root@localhost', NULL, NULL, NULL),
(294, 'TORONJA', 1, 0.000000, 0.000000, 0.000000, NULL, 'A', '2019-06-13 13:25:51', 'root@localhost', NULL, NULL, NULL),
(295, 'TORTILLA TAQUERA', 1, 0.000000, 0.000000, 0.000000, NULL, 'A', '2019-06-13 13:26:10', 'root@localhost', NULL, NULL, NULL),
(296, 'TORTILLA DE NOPAL', 1, 0.000000, 0.000000, 0.000000, NULL, 'A', '2019-06-13 13:26:19', 'root@localhost', NULL, NULL, NULL),
(297, 'TUNA', 1, 0.000000, 0.000000, 0.000000, NULL, 'A', '2019-06-13 13:26:24', 'root@localhost', NULL, NULL, NULL),
(298, 'UVA PASA', 1, 0.000000, 0.000000, 0.000000, NULL, 'A', '2019-06-13 13:26:43', 'root@localhost', NULL, NULL, 20),
(299, 'UVA ROJA', 1, 0.000000, 0.000000, 0.000000, NULL, 'A', '2019-06-13 13:26:48', 'root@localhost', NULL, NULL, 20),
(300, 'UVA VERDE', 1, 0.000000, 0.000000, 0.000000, NULL, 'A', '2019-06-13 13:26:54', 'root@localhost', NULL, NULL, 20),
(301, 'VERDOLAGA', 1, 0.000000, 0.000000, 0.000000, NULL, 'A', '2019-06-13 13:27:15', 'root@localhost', NULL, NULL, NULL),
(302, 'VINAGRE', 1, 0.000000, 0.000000, 0.000000, NULL, 'A', '2019-06-13 13:27:21', 'root@localhost', NULL, NULL, NULL),
(303, 'YOGURT', 1, 0.000000, 0.000000, 0.000000, NULL, 'A', '2019-06-13 13:27:28', 'root@localhost', '2019-06-02 10:57:18', 'root@localhost', NULL),
(304, 'ZANAHORIA', 1, 0.000000, 0.000000, 0.000000, NULL, 'A', '2019-06-13 13:27:37', 'root@localhost', NULL, NULL, 21),
(305, 'ZANAHORIA BABY', 1, 0.000000, 0.000000, 0.000000, NULL, 'A', '2019-06-13 13:27:43', 'root@localhost', NULL, NULL, 21),
(306, 'ZANAHORIA LEÑA', 1, 0.000000, 0.000000, 0.000000, NULL, 'A', '2019-06-13 13:27:47', 'root@localhost', NULL, NULL, 21),
(307, 'ZARZAMORA', 1, 0.000000, 0.000000, 0.000000, NULL, 'A', '2019-06-13 13:28:11', 'root@localhost', NULL, NULL, NULL),
(308, 'asd', 3, 0.000000, 0.000000, 0.000000, NULL, 'I', '2019-06-14 07:42:31', 'root@localhost', '2019-06-14 08:24:19', 'root@localhost', NULL),
(312, 'asd1', 5, 0.000000, 0.000000, 0.000000, NULL, 'I', '2019-06-14 07:50:29', 'root@localhost', '2019-06-14 08:24:22', 'root@localhost', NULL),
(317, 'ESPINACA BABY', 1, 0.000000, 0.000000, 0.000000, NULL, 'A', '2019-06-14 08:23:54', 'root@localhost', NULL, NULL, NULL),
(319, 'NOPAL LIMPIO', 1, 0.000000, 0.000000, 0.000000, NULL, 'A', '2019-06-14 09:01:18', 'root@localhost', NULL, NULL, NULL),
(320, 'SANDIA', 1, 0.000000, 0.000000, 0.000000, NULL, 'I', '2019-06-14 09:04:07', 'root@localhost', '2019-06-14 09:46:14', 'root@localhost', NULL),
(321, 'TOMATE BOLA', 1, 0.000000, 0.000000, 0.000000, 27.350000, 'A', '2019-06-14 09:05:51', 'root@localhost', '2019-06-22 09:27:20', 'root@localhost', NULL),
(322, 'SANDIA', 1, 0.000000, 0.000000, 0.000000, NULL, 'I', '2019-06-14 09:08:15', 'root@localhost', '2019-06-14 09:45:39', 'root@localhost', NULL),
(323, 'SANDIA', 1, 0.000000, 0.000000, 0.000000, NULL, 'I', '2019-06-14 09:09:34', 'root@localhost', '2019-06-14 09:45:42', 'root@localhost', NULL),
(324, 'SANDIA', 1, 0.000000, 0.000000, 0.000000, NULL, 'I', '2019-06-14 09:22:02', 'root@localhost', '2019-06-14 09:45:44', 'root@localhost', NULL),
(325, 'SANDIA', 1, 0.000000, 0.000000, 0.000000, NULL, 'I', '2019-06-14 09:24:45', 'root@localhost', '2019-06-14 09:45:47', 'root@localhost', NULL),
(326, 'SANDIA', 1, 0.000000, 0.000000, 0.000000, NULL, 'I', '2019-06-14 09:25:55', 'root@localhost', '2019-06-14 09:45:49', 'root@localhost', NULL),
(327, 'SANDIA', 1, 0.000000, 0.000000, 0.000000, NULL, 'I', '2019-06-14 09:26:08', 'root@localhost', '2019-06-14 09:45:52', 'root@localhost', NULL),
(328, 'SANDIA', 1, 0.000000, 0.000000, 0.000000, NULL, 'I', '2019-06-14 09:29:39', 'root@localhost', '2019-06-14 09:45:54', 'root@localhost', NULL),
(329, 'SANDIA', 1, 0.000000, 0.000000, 0.000000, NULL, 'I', '2019-06-14 09:32:12', 'root@localhost', '2019-06-14 09:45:57', 'root@localhost', NULL),
(330, 'SANDIA', 1, 0.000000, 0.000000, 0.000000, NULL, 'I', '2019-06-14 09:35:55', 'root@localhost', '2019-06-14 09:45:59', 'root@localhost', NULL),
(331, 'SANDIA', 1, 0.000000, 0.000000, 0.000000, NULL, 'I', '2019-06-14 09:37:50', 'root@localhost', '2019-06-14 09:46:02', 'root@localhost', NULL),
(332, 'SANDIA', 1, 0.000000, 0.000000, 0.000000, NULL, 'I', '2019-06-14 09:39:29', 'root@localhost', '2019-06-14 09:46:05', 'root@localhost', NULL),
(333, 'SANDIA VALENCIANA', 1, 0.000000, 0.000000, 0.000000, NULL, 'I', '2019-06-14 09:44:16', 'root@localhost', '2019-06-14 09:46:08', 'root@localhost', NULL),
(334, 'SANDIA', 1, 0.000000, 0.000000, 0.000000, NULL, 'I', '2019-06-14 09:49:37', 'root@localhost', '2019-06-14 09:50:06', 'root@localhost', NULL),
(335, 'SANDIA', 1, 0.000000, 0.000000, 0.000000, 5.280000, 'A', '2019-06-14 09:50:14', 'root@localhost', '2019-06-22 09:26:36', 'root@localhost', NULL),
(336, 'SANDIA VALENCIANA', 1, 0.000000, 0.000000, 0.000000, NULL, 'I', '2019-06-14 09:59:39', 'root@localhost', '2019-06-15 08:38:38', 'root@localhost', NULL),
(337, 'PERA GOLDEN', 1, 0.000000, 0.000000, 0.000000, NULL, 'I', '2019-06-18 09:19:17', 'root@localhost', '2019-06-02 10:57:02', 'root@localhost', NULL),
(338, 'ACELGA2', 2, 0.000000, 0.000000, 0.000000, NULL, 'I', '2019-06-19 11:03:40', 'root@localhost', '2019-06-19 13:24:34', 'root@localhost', NULL),
(339, 'PEPINO SEGUNDA', 1, 0.000000, 0.000000, 0.000000, 37.689999, 'A', '2019-06-20 08:07:20', 'root@localhost', '2019-06-22 09:26:05', 'root@localhost', NULL),
(340, 'HUEVO SAN JUAN', 5, 0.000000, 0.000000, 0.000000, 28.459999, 'I', '2019-06-20 13:29:45', 'root@localhost', '2019-06-20 13:31:54', 'root@localhost', 14),
(341, 'AJONJOLI12', 1, 0.000000, 0.000000, 0.000000, NULL, 'I', '2019-06-22 06:04:32', 'root@localhost', '2019-06-22 06:04:46', 'root@localhost', NULL),
(342, 'AJONJOLI12', 4, 0.000000, 0.000000, 0.000000, NULL, 'I', '2019-06-22 06:04:59', 'root@localhost', '2019-06-22 06:05:05', 'root@localhost', 22),
(343, 'MANZANA RED ', 5, 0.000000, 0.000000, 0.000000, 32.000000, 'I', '2019-06-22 09:17:42', 'root@localhost', '2019-06-22 09:20:59', 'root@localhost', NULL),
(344, 'MELON CHINO', 1, 0.000000, 0.000000, 0.000000, NULL, 'A', '2019-06-24 14:17:25', 'root@localhost', NULL, NULL, NULL),
(345, 'UVA GLOBO ROJA', 1, 0.000000, 0.000000, 0.000000, NULL, 'A', '2019-06-24 14:18:36', 'root@localhost', NULL, NULL, 20),
(346, 'PERA GOLDEN RED', 1, 0.000000, 0.000000, 0.000000, 65.000000, 'A', '2019-06-24 14:19:31', 'root@localhost', '2019-06-24 14:25:48', 'root@localhost', NULL),
(347, 'MANZANA VERDE', 5, 0.000000, 0.000000, 0.000000, 20.000000, 'A', '2019-09-03 10:01:39', 'root@localhost', '2019-06-29 12:57:56', 'root@localhost', NULL);

-- 
-- Dumping data for table usuarios
--
INSERT INTO usuarios VALUES
(1, 'Mundo', 'mundo', '$2b$10$Il636doU7nrznV5Y.WapouHvpOUy2cJMM1HmeNxtI3KQMarfF84HS', 'admin', '2019-05-28 14:17:42', 'root@localhost', '2019-06-25 09:32:36', 'root@localhost', 'A'),
(2, 'María José Arredondo', 'Mónica_Granado', '$2b$10$q1tSjG119Sp3pDZGEpHaV.uhHdXCCj92rF3qhhSJ0VDpy4HNZD2A6', 'admin', '2019-05-28 14:17:42', 'root@localhost', '2019-06-25 09:39:24', 'root@localhost', 'A'),
(3, 'Nicolás Otero', 'Caridad.Perales', '$2b$10$eG9.GJkPaI27AbZQtIgGRuJUH/iClBSX8LRhRNb0mo5MLDTPyx79m', 'admin', '2019-05-28 14:17:42', 'root@localhost', '2019-06-25 08:04:22', 'root@localhost', 'A'),
(4, 'Mateo Salinas', 'ÁngelGabriel.Vergara1', '$2b$10$DCJYDIyVNwdI9nWtJkYMOe6eR8Sz5ZqmlRT/zYcHNpKLbrlpMMEey', 'admin', '2019-05-28 14:17:42', 'root@localhost', '2019-06-25 08:16:37', 'root@localhost', 'I'),
(5, 'Gloria Serrano', 'Julia_Saldaña49', '$2b$10$Wo0PV7PrX/fKbG/A7f5IN.WE3othp73zte2nnp4qVryVhKaS32L0O', 'admin', '2019-05-28 14:17:43', 'root@localhost', NULL, NULL, 'A'),
(6, 'Valeria Solorzano', 'Mónica_Maya80', '$2b$10$gYVysUq2vOQiUcLbAIdPl.bbVjY2aPxtkFph8i7sCEDRXVr7DzeAC', 'admin', '2019-05-28 14:17:43', 'root@localhost', NULL, NULL, 'A'),
(7, 'Ximena Guadalupe', 'Alfonso6122', '$2b$10$Aw0JbRi5r7ZTxwcREP/Vz.GM6b7QY9pDU/NvKzIatgcB8FJbxsEKu', 'admin', '2019-05-28 14:17:43', 'root@localhost', '2019-06-25 08:14:12', 'root@localhost', 'A'),
(8, 'Lorena Alejandro', 'AlondraRomina.León0', '$2b$10$XEXJXNvva69srqkQu4VSceukYB1P3YHQIPwSLKRxWhgoXMTKQ.8wu', 'admin', '2019-05-28 14:17:43', 'root@localhost', '2019-06-25 08:16:26', 'root@localhost', 'I'),
(9, 'Daniel Ramos', 'Cristobal.Rodríguez711', '$2b$10$TcZ.h5IGw/t6QwzcEWYVMu.7OsUCstVcC8j4vLgygdQ/472mmcQ4K', 'admin', '2019-05-28 14:17:44', 'root@localhost', '2019-06-25 08:46:29', 'root@localhost', 'A'),
(10, 'Daniel Solorzano', 'Ester_Zamora12', '$2b$10$eo1pLB/L/lfM9M24t9B53O2Ws0U3Ynv75HfToC1Prv.uNsB.Yluli', 'admin', '2019-05-28 14:17:44', 'root@localhost', '2019-06-25 08:37:25', 'root@localhost', 'A'),
(11, 'Sta. Jorge Kamal', 'Jaime59', '$2b$10$yQ8yE8o6L9E8oJ3t614b3u566/sctG9FT55N4jU/M0QTbkvIGUDW2', 'admin', '2019-05-28 14:17:44', 'root@localhost', NULL, NULL, 'A'),
(12, 'Alejandra Delgado', 'ale.delgado', '$2b$10$cuYquEsG1VbI22EsoHp8GOaCcYAIdhwOdDKBKzRTagYFbEclIXNlO', 'admin', '2019-05-28 14:17:45', 'root@localhost', '2019-06-25 09:38:33', 'root@localhost', 'A'),
(13, 'Manuel Cintrón', 'Alberto64', '$2b$10$EQg9mSKAIRnhF/wqpSYfOOC09Fw3D.J9clNlUhG0XLpU3w0p2YVxC', 'admin', '2019-05-28 14:17:45', 'root@localhost', NULL, NULL, 'A'),
(14, 'Carlota Contreras', 'Eduardo.Rivera22', '$2b$10$osAj95WrN/mE4.YYw5exd.k.LD847iY1U0lRhEBd.s/UQVfKaIulS', 'admin', '2019-05-28 14:17:45', 'root@localhost', NULL, NULL, 'A'),
(15, 'Florencia Vallejo', 'Rocio16', '$2b$10$Sb1qS.FiIk7sKB6bVGHxPu5Fkacza3sOT8xRiuoRrFIdTEuDjZJDW', 'admin', '2019-05-28 14:17:46', 'root@localhost', NULL, NULL, 'A'),
(16, 'Cristina Berríos', 'JoseDaniel.Córdova', '$2b$10$r16ClMQpbNvugEDgoCGig.nHCgOAYPVJgxQp6tWY09WE3vvXI2zRa', 'admin', '2019-05-28 14:17:46', 'root@localhost', NULL, NULL, 'A'),
(17, 'Fernando Velásquez', 'Gabriel_Pichardo62', '$2b$10$9sDKcj8FFWx.d7q.ohT0z.Y.UPxELsCILCHCNKsU37bkVqvq5x5zm', 'admin', '2019-05-28 14:17:46', 'root@localhost', NULL, NULL, 'A'),
(18, 'Elena Valencia', 'MiguelÁngel.Tamez', '$2b$10$cc5.rEP//SjrtW3YIOhkzujE932Qu1sTpa0DNxtVfRwSfN9Azsuam', 'admin', '2019-05-28 14:17:46', 'root@localhost', NULL, NULL, 'A'),
(19, 'David Rivero', 'Ricardo87', '$2b$10$uOeGvdzQR5mkKbjzqpnw2ewIkM3srsMbN9Me55bY/dNjt7ndhCWYK', 'admin', '2019-05-28 14:17:47', 'root@localhost', '2019-06-25 07:57:55', 'root@localhost', 'I'),
(20, 'Armando Escobar', 'Jacobo.Casares', '$2b$10$eYcCjgKtijq0zmbqh5j7x.BVls6wiS3giTMgea2/ukeW4kB.hkv6.', 'admin', '2019-05-28 14:17:47', 'root@localhost', '2019-06-25 07:57:58', 'root@localhost', 'I'),
(21, 'Sebastian Prado', 'Sofia_Gutiérrez', '$2b$10$yLuqXX12uIgs2P6FSMlI5en/pEfdQhxv336rtpvsUcc24WgxIcJs.', 'admin', '2019-05-30 10:58:00', 'root@localhost', NULL, NULL, 'A'),
(22, 'Francisco Javier Gaitán', 'Homero46', '$2b$10$ur7ByJJcvMQUVm0eDnOVaOaUyJfmNVsu151wOfux0OmUp9w5rneda', 'admin', '2019-05-30 10:58:01', 'root@localhost', NULL, NULL, 'A'),
(23, 'Sancho Monroy', 'Diego_Padilla65', '$2b$10$gMnHoBjSngyUZmNid7RgauEv7Pd0eaaHya2QPL2wxzAQHCovVH6Ae', 'admin', '2019-05-30 10:58:01', 'root@localhost', NULL, NULL, 'A'),
(24, 'Manuela Alfaro', 'Santiago_Lira', '$2b$10$qAkrbq2jnqJCUSjGXrqoB.D9tSFjA0XZW3ZQYn4FUsMAq/L7NrZ.S', 'admin', '2019-05-30 10:58:01', 'root@localhost', NULL, NULL, 'A'),
(25, 'María Guadalupe Alva IV', 'FernandoJavier_Gallegos73', '$2b$10$B9zv9jy1RWDN1QbF649rs.J4pUhoLZys/Y1DksMTiVJb3ykKWEGTm', 'admin', '2019-05-30 10:58:02', 'root@localhost', '2019-06-26 08:09:10', 'root@localhost', 'A'),
(26, 'Elena Henríquez', 'Gregorio10', '$2b$10$OFxE46xpfBLIOxvpDNzj4ufjaOh1DaCutjYNbBsPJgYYIo25g5r92', 'admin', '2019-05-30 10:58:02', 'root@localhost', NULL, NULL, 'A'),
(27, 'José Kadar rodriguez', 'Rosalia.Cantú', '$2b$10$vVr2bOGUycHlw5SiMA/.uOlOeonDsKP4V6nttE6yYctvA7LCqMtwa', 'admin', '2019-05-30 10:58:02', 'root@localhost', NULL, NULL, 'A'),
(28, 'Ángel Gabriel Kranz sans', 'Santiago_Kortajarena38', '$2b$10$XVc7PGegIgN1PCy//O0WD.ra2BuV.jjCKWafhIEvCnptMq0MAQ/3e', 'admin', '2019-05-30 10:58:03', 'root@localhost', '2019-06-25 08:12:34', 'root@localhost', 'I'),
(29, 'Alfonso Collazo', 'Mauricio.Chavarría', '$2b$10$IGbeBRHei82.TJeFguLZLO.2hyaw5UiQ19ZmnMfO0i9KMXtXsIw1S', 'admin', '2019-05-30 10:58:03', 'root@localhost', NULL, NULL, 'A'),
(30, 'Benito Narváew', 'Leticia_Game4', '$2b$10$gdTO.8OaXs50HdqkT39ZMeIDnrHRUR35ql4puftL6aYmNUsrFzI9G', 'admin', '2019-05-30 10:58:03', 'root@localhost', '2019-06-25 08:02:48', 'root@localhost', 'A'),
(31, 'Jose Ricardo Medina', 'ricardo_medina99', '$2b$10$GmDMsccHdNYL4d0EdPpVt.z3T1sgVJh3HZ5MjHqGddweHpHuamQQm', 'admin', '2019-06-24 12:12:20', 'root@localhost', '2019-06-25 08:38:27', 'root@localhost', 'A'),
(32, 'Jose Ricardo Medina', 'ricardo_medina101', '$2b$10$slOzxKcC1isbgiyLR4o7wuD0vOJaFaIovvwK4kRQC6OITgfNarG1.', 'admin', '2019-06-24 12:26:26', 'root@localhost', '2019-06-24 13:50:31', 'root@localhost', 'I'),
(33, 'Jose Ricardo Medina', 'ricardo_medina1023', '$2b$10$BA1tFdABCBVujPqySx8DuuVyrEBsfOHQQmo.b4pvZFB2vX2qUcSge', 'admin', '2019-06-24 12:30:28', 'root@localhost', '2019-06-24 13:50:27', 'root@localhost', 'I'),
(34, 'Hugo Guerrero', 'guerrero5435', '$2b$10$YY1I94xCMOjNCXGdv6Ttw.c1UHoF/qC06bHRvFpCU1T1Dx8frLoPC', 'admin', '2019-06-24 13:07:04', 'root@localhost', '2019-06-25 07:57:21', 'root@localhost', 'A'),
(41, 'Jose Ricardo Medina', 'ricardo_medina1043', '$2b$10$fXyEecvTPJNwWFz6QHlji.K.BwXX6qA2xZj9gC/xyuwq8736grMMq', 'admin', '2019-06-24 13:25:35', 'root@localhost', '2019-06-24 13:50:23', 'root@localhost', 'I'),
(44, 'Hugo Guerrero', 'hguerrero', '$2b$10$v6EvjlvVPYzfvVJeOl5cuuVlQaBG7tAX5QI7wjgYAm69lDdINW8Fi', 'admin', '2019-06-24 13:27:27', 'root@localhost', '2019-06-24 13:50:20', 'root@localhost', 'I'),
(45, 'Hugo Guerrero', 'h_guerrero0112', '$2b$10$OOWK/weN8kdis0yOrRCyhuxRFTdfktESlbf6wRRlmwVS9yqUWLI3G', 'admin', '2019-06-24 13:28:45', 'root@localhost', '2019-06-24 13:50:18', 'root@localhost', 'I'),
(46, 'Hugo Guerrero', 'h_guerreroo0', '$2b$10$B6PlEShrd3rlys8JTU0gZ.v6st6lT1yxWFZqdxYAmiYdH60jq7KnO', 'admin', '2019-06-24 13:32:43', 'root@localhost', '2019-06-24 13:50:15', 'root@localhost', 'I'),
(47, 'Hugo Guerrero', 'hg_01', '$2b$10$nA5g21akB3C8xqtxUOkoIOCEDdIKpLdo/zU0aaUf/NsQV9jNVCGpO', 'admin', '2019-06-24 13:34:11', 'root@localhost', '2019-06-24 13:50:11', 'root@localhost', 'I'),
(51, 'hu', 'hgf', '$2b$10$IJGK4rlhlTSOajGD7b4rHeHsy0GN6JyOp4SBqUW.eiB1s/.SWLoe6', 'empleado', '2019-06-25 08:47:25', 'root@localhost', '2019-06-25 08:47:52', 'root@localhost', 'I'),
(52, 'Hugo Alberto Guerrero San Miguel MEdina Lopez ', 'hugo_guerrero_cosecha_express', '$2b$10$0b2E1ivy2MKpzjIzSHrtae1qf7wu2s5kxFwAwpyOu8KyBjWxC.h8i', 'empleado', '2019-06-25 09:03:41', 'root@localhost', '2019-06-25 09:03:51', 'root@localhost', 'I'),
(53, 'Ricardo', 'rica_23', '$2b$10$/YFyzTDPm43XwEaTwEQhROgAOqsRb8QqHuMg/GEV2L1LHb9w.4kLS', 'admin', '2019-06-25 09:07:44', 'root@localhost', NULL, NULL, 'A'),
(54, 'hud', 'hug', '$2b$10$G/A724zoZsj4MC.LOJbvceKBD9j4Y1n/.1xsTUBhYMaQKkgv7OLDS', 'admin', '2019-06-25 09:20:26', 'root@localhost', NULL, NULL, 'A'),
(55, 'Alberto', 'alberr', '$2b$10$Jst8/4NSAlhrdjI/LUsnvegwhfverhCNgi5OzvSqJh7xgRvA.iSj.', 'admin', '2019-06-25 09:28:21', 'root@localhost', NULL, NULL, 'A'),
(56, 'j', 'j', '$2b$10$vwGL9PUxaKanf7fMN2Vzo.0MN/YKjVeLBvspXjh.oqEyFNRhwfQ7.', 'admin', '2019-06-25 12:27:34', 'root@localhost', '2019-06-25 12:27:44', 'root@localhost', 'I'),
(57, 'Jose Ricardo Medina', 'ricardo_medina03', '$2b$10$U/vtBgCY46sS5a7XzY1tlO49HDUFw0SR1FGAE7Zc.ipv3TpF7MwfO', 'admin', '2019-06-26 07:26:29', 'root@localhost', '2019-06-26 08:08:39', 'root@localhost', 'I');

-- 
-- Dumping data for table producto_precio_esp
--
INSERT INTO producto_precio_esp VALUES
(11, 56, 43, 220.0000, 10.0000),
(12, 56, 44, 124.4541, 10.0000),
(13, 56, 51, 608.1600, 10.0000),
(14, 64, 42, 6.1800, NULL),
(15, 64, 43, 40.4800, NULL),
(16, 64, 44, 9.4100, NULL),
(17, 64, 45, 68.7700, NULL),
(18, 64, 46, NULL, NULL),
(19, 64, 47, NULL, NULL),
(20, 64, 48, NULL, NULL),
(21, 64, 49, 40.9200, NULL),
(22, 64, 50, NULL, NULL),
(23, 64, 51, NULL, NULL),
(24, 59, 42, 6.1800, NULL),
(25, 59, 43, 40.4800, NULL),
(26, 59, 44, 9.3100, NULL),
(27, 56, 42, 78.7200, 10.0000),
(28, 56, 45, 17.9467, 10.0000),
(29, 56, 46, 14.2468, 10.0000),
(30, 56, 47, 30.0788, 10.0000),
(38, 56, 56, 22.2300, 10.0000),
(39, 56, 57, 23.1200, 10.0000),
(47, 56, 58, 2.0300, 10.0000),
(48, 59, 46, 7.0100, NULL),
(49, 59, 54, 57.5100, NULL),
(51, 59, 45, 8.7800, NULL),
(52, 59, 45, 8.7800, NULL),
(53, 56, 59, 20.1200, 10.0000),
(54, 56, 60, 95.2500, 10.0000),
(55, 56, 61, 25.3600, 10.0000),
(56, 56, 62, 45.2500, 10.0000),
(57, 56, 63, 23.2500, 10.0000),
(58, 56, 64, 65.1200, 10.0000),
(59, 56, 65, 12.5800, 10.0000),
(60, 56, 66, 12.5800, 10.0000),
(61, 56, 67, 12.3600, 10.0000),
(62, 56, 68, 45.6900, 10.0000),
(63, 68, 42, 90.0000, NULL),
(65, 68, 44, 8.4400, NULL),
(66, 68, 45, 8.7800, NULL),
(67, 68, 46, 7.8900, NULL),
(68, 68, 47, 146.8600, NULL),
(69, 69, 216, 75.1100, NULL),
(70, 70, 42, 45.5400, NULL),
(71, 70, 43, 40.4800, NULL),
(72, 70, 44, 10.0200, NULL),
(73, 56, 69, 96.4500, NULL),
(74, 56, 70, 25.1500, NULL),
(75, 56, 71, 5.6500, NULL),
(76, 56, 72, 45.2500, NULL),
(77, 56, 73, 98.4700, NULL),
(78, 56, 74, 25.7800, NULL),
(79, 56, 75, 36.2100, NULL),
(80, 56, 76, 45.2500, NULL),
(81, 56, 77, 78.1200, NULL),
(82, 56, 78, 12.2500, NULL),
(83, 71, 42, 112.5700, 20.0000),
(85, 71, 44, 10.0082, 20.0000),
(86, 71, 45, 10.4467, 20.0000),
(87, 71, 46, 8.3258, 20.0000),
(88, 71, 47, 17.5207, 20.0000),
(89, 74, 42, 78.1700, NULL),
(90, 74, 43, 40.4800, NULL),
(91, 74, 44, 9.4500, NULL),
(92, 74, 45, 96.5800, NULL),
(93, 74, 46, 91.1300, NULL),
(94, 74, 47, 14.7300, NULL),
(95, 74, 48, 433.0000, NULL),
(96, 74, 49, 20.2400, NULL),
(97, 74, 50, 47.5200, NULL),
(98, 74, 51, 12.0000, NULL),
(99, 74, 52, 43.0000, NULL),
(100, 74, 53, 87.0000, NULL),
(101, 74, 54, 56.0000, NULL),
(102, 74, 55, 76.0000, NULL),
(103, 74, 56, 87.0000, NULL),
(104, 74, 57, 56.0000, NULL),
(105, 68, 43, 40.4800, NULL),
(106, 68, 48, 109.7600, NULL),
(107, 68, 49, 12.0000, NULL),
(108, 68, 50, 23.0000, NULL),
(109, 68, 51, 33.0000, NULL),
(110, 68, 52, 32.0000, NULL),
(111, 68, 53, 12.6700, NULL),
(112, 68, 54, 12.5400, NULL),
(113, 68, 55, 34.5400, NULL),
(114, 68, 56, 12.2700, NULL),
(115, 70, 45, 90.4300, NULL),
(116, 70, 46, 55.2300, NULL),
(117, 70, 47, 14.7300, NULL),
(118, 70, 48, 109.7600, NULL),
(119, 70, 49, 11.8800, NULL),
(120, 70, 50, 54.5500, NULL),
(121, 70, 51, 99.0000, NULL),
(122, 70, 52, 131.5600, NULL),
(123, 70, 53, 12.0000, NULL),
(124, 70, 54, 24.0000, NULL),
(125, 70, 55, 43.0000, NULL),
(126, 70, 56, 65.0000, NULL),
(127, 70, 57, 12.0000, NULL),
(128, 70, 58, 76.0000, NULL),
(130, 70, 60, 37.0000, NULL),
(131, 70, 61, 32.0000, NULL),
(132, 70, 63, 68.0000, NULL),
(133, 70, 64, 59.5300, NULL),
(134, 74, 58, 25.2000, NULL),
(135, 69, 44, 8.4400, NULL),
(136, 69, 138, 76.0000, NULL),
(137, 69, 209, 42.0000, NULL),
(138, 69, 231, 53.0000, NULL),
(139, 69, 285, 35.0000, NULL),
(140, 69, 346, 65.0000, NULL);

-- 
-- Dumping data for table equivalencias
--
INSERT INTO equivalencias VALUES
(1, 938.00, 5, 12.00, 1, 42, '2019-06-13 11:53:41', 'root@localhost', NULL, NULL, NULL),
(2, NULL, NULL, NULL, NULL, 43, '2019-06-13 12:01:28', 'root@localhost', NULL, NULL, NULL),
(3, 345.00, 3, 44.00, 4, 44, '2019-06-13 12:02:32', 'root@localhost', NULL, NULL, 7.6000),
(4, 500.00, 5, 60.00, 1, 45, '2019-06-13 12:02:53', 'root@localhost', NULL, NULL, 5.3000),
(5, 500.00, 5, 76.00, 5, 46, '2019-06-13 12:02:59', 'root@localhost', NULL, NULL, 20.0000),
(6, 600.00, 5, 43.00, 1, 47, '2019-06-13 12:03:13', 'root@localhost', NULL, NULL, NULL),
(7, NULL, NULL, NULL, NULL, 48, '2019-06-13 12:03:21', 'root@localhost', NULL, NULL, NULL),
(8, NULL, NULL, NULL, NULL, 49, '2019-06-13 12:04:34', 'root@localhost', NULL, NULL, NULL),
(9, NULL, NULL, NULL, NULL, 50, '2019-06-13 12:04:50', 'root@localhost', NULL, NULL, NULL),
(10, NULL, NULL, NULL, NULL, 51, '2019-06-13 12:08:47', 'root@localhost', NULL, NULL, NULL),
(11, NULL, NULL, NULL, NULL, 52, '2019-06-13 12:09:44', 'root@localhost', NULL, NULL, NULL),
(12, NULL, NULL, NULL, NULL, 53, '2019-06-13 12:09:55', 'root@localhost', NULL, NULL, NULL),
(13, NULL, NULL, NULL, NULL, 54, '2019-06-13 12:10:19', 'root@localhost', NULL, NULL, NULL),
(14, 0.00, NULL, 0.00, NULL, 55, '2019-06-13 12:10:28', 'root@localhost', NULL, NULL, NULL),
(15, 0.00, NULL, 0.00, NULL, 56, '2019-06-13 12:10:54', 'root@localhost', NULL, NULL, NULL),
(16, 0.00, NULL, 0.00, NULL, 57, '2019-06-13 12:11:06', 'root@localhost', NULL, NULL, NULL),
(17, NULL, NULL, NULL, NULL, 58, '2019-06-13 12:11:19', 'root@localhost', NULL, NULL, NULL),
(18, 0.00, NULL, 0.00, NULL, 59, '2019-06-13 12:11:27', 'root@localhost', NULL, NULL, NULL),
(19, NULL, NULL, NULL, NULL, 60, '2019-06-13 12:11:36', 'root@localhost', NULL, NULL, NULL),
(20, 0.00, NULL, 0.00, NULL, 61, '2019-06-13 12:11:43', 'root@localhost', NULL, NULL, NULL),
(21, 0.00, NULL, 0.00, NULL, 62, '2019-06-13 12:12:23', 'root@localhost', NULL, NULL, NULL),
(22, 0.00, NULL, 0.00, NULL, 63, '2019-06-13 12:12:29', 'root@localhost', NULL, NULL, NULL),
(23, 0.00, NULL, 0.00, NULL, 64, '2019-06-13 12:12:38', 'root@localhost', NULL, NULL, NULL),
(24, 0.00, NULL, 0.00, NULL, 65, '2019-06-13 12:12:44', 'root@localhost', NULL, NULL, NULL),
(25, 0.00, NULL, 0.00, NULL, 66, '2019-06-13 12:12:52', 'root@localhost', NULL, NULL, NULL),
(26, 0.00, NULL, 0.00, NULL, 67, '2019-06-13 12:13:02', 'root@localhost', NULL, NULL, NULL),
(27, 0.00, NULL, 0.00, NULL, 68, '2019-06-13 12:13:08', 'root@localhost', NULL, NULL, NULL),
(28, 0.00, NULL, 0.00, NULL, 69, '2019-06-13 12:14:39', 'root@localhost', NULL, NULL, NULL),
(29, 0.00, NULL, 0.00, NULL, 70, '2019-06-13 12:14:46', 'root@localhost', NULL, NULL, NULL),
(30, 0.00, NULL, 0.00, NULL, 71, '2019-06-13 12:14:52', 'root@localhost', NULL, NULL, NULL),
(31, 0.00, NULL, 0.00, NULL, 72, '2019-06-13 12:15:05', 'root@localhost', NULL, NULL, NULL),
(32, 0.00, NULL, 0.00, NULL, 73, '2019-06-13 12:15:48', 'root@localhost', NULL, NULL, NULL),
(33, 0.00, NULL, 0.00, NULL, 74, '2019-06-13 12:16:00', 'root@localhost', NULL, NULL, NULL),
(34, 0.00, NULL, 0.00, NULL, 75, '2019-06-13 12:16:06', 'root@localhost', NULL, NULL, NULL),
(35, 0.00, NULL, 0.00, NULL, 76, '2019-06-13 12:16:17', 'root@localhost', NULL, NULL, NULL),
(36, 0.00, NULL, 0.00, NULL, 77, '2019-06-13 12:18:43', 'root@localhost', NULL, NULL, NULL),
(37, 0.00, NULL, 0.00, NULL, 78, '2019-06-13 12:20:53', 'root@localhost', NULL, NULL, NULL),
(38, 0.00, NULL, 0.00, NULL, 79, '2019-06-13 12:21:13', 'root@localhost', NULL, NULL, NULL),
(39, 0.00, NULL, 0.00, NULL, 80, '2019-06-13 12:21:57', 'root@localhost', NULL, NULL, NULL),
(40, 0.00, NULL, 0.00, NULL, 81, '2019-06-13 12:22:34', 'root@localhost', NULL, NULL, NULL),
(41, 43.00, NULL, 32.00, NULL, 82, '2019-06-13 12:22:42', 'root@localhost', NULL, NULL, 40.0000),
(42, 0.00, NULL, 0.00, NULL, 83, '2019-06-13 12:23:11', 'root@localhost', NULL, NULL, NULL),
(43, 43.00, NULL, 90.00, NULL, 84, '2019-06-13 12:23:33', 'root@localhost', NULL, NULL, NULL),
(44, 23.00, NULL, 21.00, NULL, 85, '2019-06-13 12:23:40', 'root@localhost', NULL, NULL, 12.0000),
(45, 0.00, NULL, 0.00, NULL, 86, '2019-06-13 12:23:52', 'root@localhost', NULL, NULL, NULL),
(46, 0.00, NULL, 0.00, NULL, 87, '2019-06-13 12:24:05', 'root@localhost', NULL, NULL, NULL),
(47, 0.00, NULL, 0.00, NULL, 88, '2019-06-13 12:24:20', 'root@localhost', NULL, NULL, NULL),
(48, NULL, NULL, NULL, NULL, 89, '2019-06-13 12:24:24', 'root@localhost', NULL, NULL, NULL),
(49, 0.00, NULL, 0.00, NULL, 90, '2019-06-13 12:24:40', 'root@localhost', NULL, NULL, NULL),
(50, NULL, NULL, NULL, NULL, 91, '2019-06-13 12:25:02', 'root@localhost', NULL, NULL, NULL),
(51, 0.00, NULL, 0.00, NULL, 92, '2019-06-13 12:25:10', 'root@localhost', NULL, NULL, NULL),
(52, 0.00, NULL, 0.00, NULL, 93, '2019-06-13 12:27:43', 'root@localhost', NULL, NULL, NULL),
(53, 0.00, NULL, 0.00, NULL, 94, '2019-06-13 12:27:51', 'root@localhost', NULL, NULL, NULL),
(54, 0.00, NULL, 0.00, NULL, 95, '2019-06-13 12:28:39', 'root@localhost', NULL, NULL, NULL),
(55, 0.00, NULL, 0.00, NULL, 96, '2019-06-13 12:28:51', 'root@localhost', NULL, NULL, NULL),
(56, 0.00, NULL, 0.00, NULL, 97, '2019-06-13 12:29:07', 'root@localhost', NULL, NULL, NULL),
(57, 0.00, NULL, 0.00, NULL, 98, '2019-06-13 12:29:13', 'root@localhost', NULL, NULL, NULL),
(58, 0.00, NULL, 0.00, NULL, 99, '2019-06-13 12:29:18', 'root@localhost', NULL, NULL, NULL),
(59, 0.00, NULL, 0.00, NULL, 100, '2019-06-13 12:30:06', 'root@localhost', NULL, NULL, NULL),
(60, 0.00, NULL, 0.00, NULL, 101, '2019-06-13 12:30:15', 'root@localhost', NULL, NULL, NULL),
(61, 0.00, NULL, 0.00, NULL, 102, '2019-06-13 12:30:31', 'root@localhost', NULL, NULL, NULL),
(62, 0.00, NULL, 0.00, NULL, 103, '2019-06-13 12:30:41', 'root@localhost', NULL, NULL, NULL),
(63, 0.00, NULL, 0.00, NULL, 104, '2019-06-13 12:31:02', 'root@localhost', NULL, NULL, NULL),
(64, 0.00, NULL, 0.00, NULL, 105, '2019-06-13 12:31:37', 'root@localhost', NULL, NULL, NULL),
(65, 0.00, NULL, 0.00, NULL, 106, '2019-06-13 12:31:53', 'root@localhost', NULL, NULL, NULL),
(66, 0.00, NULL, 0.00, NULL, 107, '2019-06-13 12:31:59', 'root@localhost', NULL, NULL, NULL),
(67, 0.00, NULL, 0.00, NULL, 108, '2019-06-13 12:32:04', 'root@localhost', NULL, NULL, NULL),
(68, 0.00, NULL, 0.00, NULL, 109, '2019-06-13 12:32:14', 'root@localhost', NULL, NULL, NULL),
(69, 0.00, NULL, 0.00, NULL, 110, '2019-06-13 12:32:20', 'root@localhost', NULL, NULL, NULL),
(70, 0.00, NULL, 0.00, NULL, 111, '2019-06-13 12:32:48', 'root@localhost', NULL, NULL, NULL),
(71, 0.00, NULL, 0.00, NULL, 112, '2019-06-13 12:32:54', 'root@localhost', NULL, NULL, NULL),
(72, 0.00, NULL, 0.00, NULL, 113, '2019-06-13 12:33:04', 'root@localhost', NULL, NULL, NULL),
(73, 0.00, NULL, 0.00, NULL, 114, '2019-06-13 12:33:22', 'root@localhost', NULL, NULL, NULL),
(74, 0.00, NULL, 0.00, NULL, 115, '2019-06-13 12:33:29', 'root@localhost', NULL, NULL, NULL),
(75, 0.00, NULL, 0.00, NULL, 116, '2019-06-13 12:33:38', 'root@localhost', NULL, NULL, NULL),
(76, 0.00, NULL, 0.00, NULL, 117, '2019-06-13 12:34:05', 'root@localhost', NULL, NULL, NULL),
(77, 0.00, NULL, 0.00, NULL, 118, '2019-06-13 12:35:00', 'root@localhost', NULL, NULL, NULL),
(78, 0.00, NULL, 0.00, NULL, 119, '2019-06-13 12:35:05', 'root@localhost', NULL, NULL, NULL),
(79, 0.00, NULL, 0.00, NULL, 120, '2019-06-13 12:35:14', 'root@localhost', NULL, NULL, NULL),
(80, 0.00, NULL, 0.00, NULL, 121, '2019-06-13 12:35:57', 'root@localhost', NULL, NULL, NULL),
(81, 0.00, NULL, 0.00, NULL, 122, '2019-06-13 12:36:23', 'root@localhost', NULL, NULL, NULL),
(82, 0.00, NULL, 0.00, NULL, 123, '2019-06-13 12:36:29', 'root@localhost', NULL, NULL, NULL),
(83, 0.00, NULL, 0.00, NULL, 124, '2019-06-13 12:36:38', 'root@localhost', NULL, NULL, NULL),
(84, 0.00, NULL, 0.00, NULL, 125, '2019-06-13 12:37:31', 'root@localhost', NULL, NULL, NULL),
(85, 0.00, NULL, 0.00, NULL, 126, '2019-06-13 12:37:41', 'root@localhost', NULL, NULL, NULL),
(86, 0.00, NULL, 0.00, NULL, 127, '2019-06-13 12:38:07', 'root@localhost', NULL, NULL, NULL),
(87, 0.00, NULL, 0.00, NULL, 128, '2019-06-13 12:38:14', 'root@localhost', NULL, NULL, NULL),
(88, 0.00, NULL, 0.00, NULL, 129, '2019-06-13 12:38:19', 'root@localhost', NULL, NULL, NULL),
(89, 0.00, NULL, 0.00, NULL, 130, '2019-06-13 12:38:55', 'root@localhost', NULL, NULL, NULL),
(90, 0.00, NULL, 0.00, NULL, 131, '2019-06-13 12:39:02', 'root@localhost', NULL, NULL, NULL),
(91, 0.00, NULL, 0.00, NULL, 132, '2019-06-13 12:39:15', 'root@localhost', NULL, NULL, NULL),
(92, 0.00, NULL, 0.00, NULL, 133, '2019-06-13 12:39:26', 'root@localhost', NULL, NULL, NULL),
(93, 0.00, NULL, 0.00, NULL, 134, '2019-06-13 12:39:32', 'root@localhost', NULL, NULL, NULL),
(94, 0.00, NULL, 0.00, NULL, 135, '2019-06-13 12:39:42', 'root@localhost', NULL, NULL, NULL),
(95, 0.00, NULL, 0.00, NULL, 136, '2019-06-13 12:39:48', 'root@localhost', NULL, NULL, NULL),
(96, 0.00, NULL, 0.00, NULL, 137, '2019-06-13 12:40:09', 'root@localhost', NULL, NULL, NULL),
(97, 0.00, NULL, 0.00, NULL, 138, '2019-06-13 12:40:14', 'root@localhost', NULL, NULL, NULL),
(98, 0.00, NULL, 0.00, NULL, 139, '2019-06-13 12:40:19', 'root@localhost', NULL, NULL, NULL),
(99, 0.00, NULL, 0.00, NULL, 140, '2019-06-13 12:40:34', 'root@localhost', NULL, NULL, NULL),
(100, 0.00, NULL, 0.00, NULL, 141, '2019-06-13 12:40:40', 'root@localhost', NULL, NULL, NULL),
(101, 0.00, NULL, 0.00, NULL, 142, '2019-06-13 12:40:46', 'root@localhost', NULL, NULL, NULL),
(102, 0.00, NULL, 0.00, NULL, 143, '2019-06-13 12:40:50', 'root@localhost', NULL, NULL, NULL),
(103, 0.00, NULL, 0.00, NULL, 144, '2019-06-13 12:41:01', 'root@localhost', NULL, NULL, NULL),
(104, 0.00, NULL, 0.00, NULL, 145, '2019-06-13 12:41:12', 'root@localhost', NULL, NULL, NULL),
(105, 0.00, NULL, 0.00, NULL, 146, '2019-06-13 12:41:21', 'root@localhost', NULL, NULL, NULL),
(106, 0.00, NULL, 0.00, NULL, 147, '2019-06-13 12:41:29', 'root@localhost', NULL, NULL, NULL),
(107, 0.00, NULL, 0.00, NULL, 148, '2019-06-13 12:41:39', 'root@localhost', NULL, NULL, NULL),
(108, 0.00, NULL, 0.00, NULL, 149, '2019-06-13 12:41:50', 'root@localhost', NULL, NULL, NULL),
(109, 0.00, NULL, 0.00, NULL, 150, '2019-06-13 12:42:01', 'root@localhost', NULL, NULL, NULL),
(110, 0.00, NULL, 0.00, NULL, 151, '2019-06-13 12:42:06', 'root@localhost', NULL, NULL, NULL),
(111, 0.00, NULL, 0.00, NULL, 152, '2019-06-13 12:42:14', 'root@localhost', NULL, NULL, NULL),
(112, 0.00, NULL, 0.00, NULL, 153, '2019-06-13 12:42:21', 'root@localhost', NULL, NULL, NULL),
(113, 0.00, NULL, 0.00, NULL, 154, '2019-06-13 12:42:32', 'root@localhost', NULL, NULL, NULL),
(114, 0.00, NULL, 0.00, NULL, 155, '2019-06-13 12:43:06', 'root@localhost', NULL, NULL, NULL),
(115, 0.00, NULL, 0.00, NULL, 156, '2019-06-13 12:43:17', 'root@localhost', NULL, NULL, NULL),
(116, 0.00, NULL, 0.00, NULL, 157, '2019-06-13 12:43:23', 'root@localhost', NULL, NULL, NULL),
(117, 0.00, NULL, 0.00, NULL, 158, '2019-06-13 12:43:34', 'root@localhost', NULL, NULL, NULL),
(118, 0.00, NULL, 0.00, NULL, 159, '2019-06-13 12:43:43', 'root@localhost', NULL, NULL, NULL),
(119, 0.00, NULL, 0.00, NULL, 160, '2019-06-13 12:48:36', 'root@localhost', NULL, NULL, NULL),
(120, 0.00, NULL, 0.00, NULL, 161, '2019-06-13 12:49:15', 'root@localhost', NULL, NULL, NULL),
(121, 0.00, NULL, 0.00, NULL, 162, '2019-06-13 12:49:37', 'root@localhost', NULL, NULL, NULL),
(122, 0.00, NULL, 0.00, NULL, 163, '2019-06-13 12:50:07', 'root@localhost', NULL, NULL, NULL),
(123, 0.00, NULL, 0.00, NULL, 164, '2019-06-13 12:50:15', 'root@localhost', NULL, NULL, NULL),
(124, 0.00, NULL, 0.00, NULL, 165, '2019-06-13 12:50:20', 'root@localhost', NULL, NULL, NULL),
(125, 0.00, NULL, 0.00, NULL, 166, '2019-06-13 12:50:32', 'root@localhost', NULL, NULL, NULL),
(126, 0.00, NULL, 0.00, NULL, 167, '2019-06-13 12:50:40', 'root@localhost', NULL, NULL, NULL),
(127, 0.00, NULL, 0.00, NULL, 168, '2019-06-13 12:50:47', 'root@localhost', NULL, NULL, NULL),
(128, 0.00, NULL, 0.00, NULL, 169, '2019-06-13 12:50:51', 'root@localhost', NULL, NULL, NULL),
(129, 0.00, NULL, 0.00, NULL, 170, '2019-06-13 12:50:59', 'root@localhost', NULL, NULL, NULL),
(130, 0.00, NULL, 0.00, NULL, 171, '2019-06-13 12:51:12', 'root@localhost', NULL, NULL, NULL),
(131, 0.00, NULL, 0.00, NULL, 172, '2019-06-13 12:51:20', 'root@localhost', NULL, NULL, NULL),
(132, 0.00, NULL, 0.00, NULL, 173, '2019-06-13 12:51:25', 'root@localhost', NULL, NULL, NULL),
(133, 0.00, NULL, 0.00, NULL, 174, '2019-06-13 12:51:57', 'root@localhost', NULL, NULL, NULL),
(134, 0.00, NULL, 0.00, NULL, 175, '2019-06-13 12:52:32', 'root@localhost', NULL, NULL, NULL),
(135, 0.00, NULL, 0.00, NULL, 176, '2019-06-13 12:52:47', 'root@localhost', NULL, NULL, NULL),
(136, 0.00, NULL, 0.00, NULL, 177, '2019-06-13 12:52:53', 'root@localhost', NULL, NULL, NULL),
(137, 0.00, NULL, 0.00, NULL, 178, '2019-06-13 12:53:06', 'root@localhost', NULL, NULL, NULL),
(138, 0.00, NULL, 0.00, NULL, 179, '2019-06-13 12:53:15', 'root@localhost', NULL, NULL, NULL),
(139, 0.00, NULL, 0.00, NULL, 180, '2019-06-13 12:53:36', 'root@localhost', NULL, NULL, NULL),
(140, 0.00, NULL, 0.00, NULL, 181, '2019-06-13 12:53:42', 'root@localhost', NULL, NULL, NULL),
(141, 0.00, NULL, 0.00, NULL, 182, '2019-06-13 12:53:46', 'root@localhost', NULL, NULL, NULL),
(142, 0.00, NULL, 0.00, NULL, 183, '2019-06-13 12:53:53', 'root@localhost', NULL, NULL, NULL),
(143, 0.00, NULL, 0.00, NULL, 184, '2019-06-13 12:53:58', 'root@localhost', NULL, NULL, NULL),
(144, 0.00, NULL, 0.00, NULL, 185, '2019-06-13 12:55:59', 'root@localhost', NULL, NULL, NULL),
(145, 0.00, NULL, 0.00, NULL, 186, '2019-06-13 12:56:07', 'root@localhost', NULL, NULL, NULL),
(146, 0.00, NULL, 0.00, NULL, 187, '2019-06-13 12:56:12', 'root@localhost', NULL, NULL, NULL),
(147, 0.00, NULL, 0.00, NULL, 188, '2019-06-13 12:56:17', 'root@localhost', NULL, NULL, NULL),
(148, 0.00, NULL, 0.00, NULL, 189, '2019-06-13 12:56:29', 'root@localhost', NULL, NULL, NULL),
(149, 0.00, NULL, 0.00, NULL, 190, '2019-06-13 12:56:36', 'root@localhost', NULL, NULL, NULL),
(150, 0.00, NULL, 0.00, NULL, 191, '2019-06-13 12:56:43', 'root@localhost', NULL, NULL, NULL),
(151, 0.00, NULL, 0.00, NULL, 192, '2019-06-13 12:56:58', 'root@localhost', NULL, NULL, NULL),
(152, 0.00, NULL, 0.00, NULL, 193, '2019-06-13 12:57:06', 'root@localhost', NULL, NULL, NULL),
(153, 0.00, NULL, 0.00, NULL, 194, '2019-06-13 12:57:28', 'root@localhost', NULL, NULL, NULL),
(154, 0.00, NULL, 0.00, NULL, 195, '2019-06-13 12:57:34', 'root@localhost', NULL, NULL, NULL),
(155, 0.00, NULL, 0.00, NULL, 196, '2019-06-13 12:57:56', 'root@localhost', NULL, NULL, NULL),
(156, 0.00, NULL, 0.00, NULL, 197, '2019-06-13 12:58:49', 'root@localhost', NULL, NULL, NULL),
(157, 0.00, NULL, 0.00, NULL, 198, '2019-06-13 12:58:55', 'root@localhost', NULL, NULL, NULL),
(158, 0.00, NULL, 0.00, NULL, 199, '2019-06-13 12:59:03', 'root@localhost', NULL, NULL, NULL),
(159, 0.00, NULL, 0.00, NULL, 200, '2019-06-13 12:59:07', 'root@localhost', NULL, NULL, NULL),
(160, 0.00, NULL, 0.00, NULL, 201, '2019-06-13 12:59:16', 'root@localhost', NULL, NULL, NULL),
(161, 0.00, NULL, 0.00, NULL, 202, '2019-06-13 12:59:40', 'root@localhost', NULL, NULL, NULL),
(162, 0.00, NULL, 0.00, NULL, 203, '2019-06-13 12:59:54', 'root@localhost', NULL, NULL, NULL),
(163, 0.00, NULL, 0.00, NULL, 204, '2019-06-13 13:00:00', 'root@localhost', NULL, NULL, NULL),
(164, 0.00, NULL, 0.00, NULL, 205, '2019-06-13 13:00:10', 'root@localhost', NULL, NULL, NULL),
(165, 0.00, NULL, 0.00, NULL, 206, '2019-06-13 13:00:18', 'root@localhost', NULL, NULL, NULL),
(166, 0.00, NULL, 0.00, NULL, 207, '2019-06-13 13:00:28', 'root@localhost', NULL, NULL, NULL),
(167, 0.00, NULL, 0.00, NULL, 208, '2019-06-13 13:01:35', 'root@localhost', NULL, NULL, NULL),
(168, 0.00, NULL, 0.00, NULL, 209, '2019-06-13 13:01:45', 'root@localhost', NULL, NULL, NULL),
(169, 0.00, NULL, 0.00, NULL, 210, '2019-06-13 13:01:53', 'root@localhost', NULL, NULL, NULL),
(170, 0.00, NULL, 0.00, NULL, 211, '2019-06-13 13:02:51', 'root@localhost', NULL, NULL, NULL),
(171, 0.00, NULL, 0.00, NULL, 212, '2019-06-13 13:02:58', 'root@localhost', NULL, NULL, NULL),
(172, 0.00, NULL, 0.00, NULL, 213, '2019-06-13 13:03:04', 'root@localhost', NULL, NULL, NULL),
(173, 0.00, NULL, 0.00, NULL, 214, '2019-06-13 13:03:16', 'root@localhost', NULL, NULL, NULL),
(174, 0.00, NULL, 0.00, NULL, 215, '2019-06-13 13:03:33', 'root@localhost', NULL, NULL, NULL),
(175, 800.00, 5, 18.00, 1, 216, '2019-06-13 13:03:41', 'root@localhost', NULL, NULL, 30.0000),
(176, 0.00, NULL, 0.00, NULL, 217, '2019-06-13 13:03:49', 'root@localhost', NULL, NULL, NULL),
(177, 0.00, NULL, 0.00, NULL, 218, '2019-06-13 13:03:53', 'root@localhost', NULL, NULL, NULL),
(178, 0.00, NULL, 0.00, NULL, 219, '2019-06-13 13:04:16', 'root@localhost', NULL, NULL, NULL),
(179, 0.00, NULL, 0.00, NULL, 220, '2019-06-13 13:04:22', 'root@localhost', NULL, NULL, NULL),
(180, 0.00, NULL, 0.00, NULL, 221, '2019-06-13 13:04:29', 'root@localhost', NULL, NULL, NULL),
(181, 0.00, NULL, 0.00, NULL, 222, '2019-06-13 13:04:36', 'root@localhost', NULL, NULL, NULL),
(182, 0.00, NULL, 0.00, NULL, 223, '2019-06-13 13:04:46', 'root@localhost', NULL, NULL, NULL),
(183, 0.00, NULL, 0.00, NULL, 224, '2019-06-13 13:04:53', 'root@localhost', NULL, NULL, NULL),
(184, 0.00, NULL, 0.00, NULL, 225, '2019-06-13 13:05:02', 'root@localhost', NULL, NULL, NULL),
(185, 0.00, NULL, 0.00, NULL, 226, '2019-06-13 13:05:11', 'root@localhost', NULL, NULL, NULL),
(186, 0.00, NULL, 0.00, NULL, 227, '2019-06-13 13:05:35', 'root@localhost', NULL, NULL, NULL),
(187, 0.00, NULL, 0.00, NULL, 228, '2019-06-13 13:05:41', 'root@localhost', NULL, NULL, NULL),
(188, 0.00, NULL, 0.00, NULL, 229, '2019-06-13 13:05:46', 'root@localhost', NULL, NULL, NULL),
(189, 0.00, NULL, 0.00, NULL, 230, '2019-06-13 13:05:50', 'root@localhost', NULL, NULL, NULL),
(190, 0.00, NULL, 0.00, NULL, 231, '2019-06-13 13:06:08', 'root@localhost', NULL, NULL, NULL),
(191, 0.00, NULL, 0.00, NULL, 232, '2019-06-13 13:06:47', 'root@localhost', NULL, NULL, NULL),
(192, 0.00, NULL, 0.00, NULL, 233, '2019-06-13 13:07:05', 'root@localhost', NULL, NULL, NULL),
(193, 0.00, NULL, 0.00, NULL, 234, '2019-06-13 13:07:12', 'root@localhost', NULL, NULL, NULL),
(194, 0.00, NULL, 0.00, NULL, 235, '2019-06-13 13:07:21', 'root@localhost', NULL, NULL, NULL),
(195, 0.00, NULL, 0.00, NULL, 236, '2019-06-13 13:07:29', 'root@localhost', NULL, NULL, NULL),
(196, 0.00, NULL, 0.00, NULL, 237, '2019-06-13 13:08:30', 'root@localhost', NULL, NULL, NULL),
(197, 0.00, NULL, 0.00, NULL, 238, '2019-06-13 13:08:37', 'root@localhost', NULL, NULL, NULL),
(198, 0.00, NULL, 0.00, NULL, 239, '2019-06-13 13:08:41', 'root@localhost', NULL, NULL, NULL),
(199, 0.00, NULL, 0.00, NULL, 240, '2019-06-13 13:08:45', 'root@localhost', NULL, NULL, NULL),
(200, 0.00, NULL, 0.00, NULL, 241, '2019-06-13 13:09:01', 'root@localhost', NULL, NULL, NULL),
(201, 0.00, NULL, 0.00, NULL, 242, '2019-06-13 13:09:12', 'root@localhost', NULL, NULL, NULL),
(202, 0.00, NULL, 0.00, NULL, 243, '2019-06-13 13:09:54', 'root@localhost', NULL, NULL, NULL),
(203, 0.00, NULL, 0.00, NULL, 244, '2019-06-13 13:09:59', 'root@localhost', NULL, NULL, NULL),
(204, 0.00, NULL, 0.00, NULL, 245, '2019-06-13 13:10:10', 'root@localhost', NULL, NULL, NULL),
(205, 0.00, NULL, 0.00, NULL, 246, '2019-06-13 13:10:48', 'root@localhost', NULL, NULL, NULL),
(206, 0.00, NULL, 0.00, NULL, 247, '2019-06-13 13:11:05', 'root@localhost', NULL, NULL, NULL),
(207, 0.00, NULL, 0.00, NULL, 248, '2019-06-13 13:11:17', 'root@localhost', NULL, NULL, NULL),
(208, 0.00, NULL, 0.00, NULL, 249, '2019-06-13 13:11:28', 'root@localhost', NULL, NULL, NULL),
(209, 0.00, NULL, 0.00, NULL, 250, '2019-06-13 13:11:39', 'root@localhost', NULL, NULL, NULL),
(210, 0.00, NULL, 0.00, NULL, 251, '2019-06-13 13:11:54', 'root@localhost', NULL, NULL, NULL),
(211, 0.00, NULL, 0.00, NULL, 252, '2019-06-13 13:12:00', 'root@localhost', NULL, NULL, NULL),
(212, 0.00, NULL, 0.00, NULL, 253, '2019-06-13 13:12:10', 'root@localhost', NULL, NULL, NULL),
(213, 0.00, NULL, 0.00, NULL, 254, '2019-06-13 13:12:16', 'root@localhost', NULL, NULL, NULL),
(214, 0.00, NULL, 0.00, NULL, 255, '2019-06-13 13:12:21', 'root@localhost', NULL, NULL, NULL),
(215, 0.00, NULL, 0.00, NULL, 256, '2019-06-13 13:12:32', 'root@localhost', NULL, NULL, NULL),
(216, 0.00, NULL, 0.00, NULL, 257, '2019-06-13 13:12:36', 'root@localhost', NULL, NULL, NULL),
(217, 0.00, NULL, 0.00, NULL, 258, '2019-06-13 13:12:49', 'root@localhost', NULL, NULL, NULL),
(218, 0.00, NULL, 0.00, NULL, 259, '2019-06-13 13:13:03', 'root@localhost', NULL, NULL, NULL),
(219, 0.00, NULL, 0.00, NULL, 260, '2019-06-13 13:13:20', 'root@localhost', NULL, NULL, NULL),
(220, 0.00, NULL, 0.00, NULL, 261, '2019-06-13 13:13:27', 'root@localhost', NULL, NULL, NULL),
(221, 0.00, NULL, 0.00, NULL, 262, '2019-06-13 13:13:33', 'root@localhost', NULL, NULL, NULL),
(222, 0.00, NULL, 0.00, NULL, 263, '2019-06-13 13:13:38', 'root@localhost', NULL, NULL, NULL),
(223, 0.00, NULL, 0.00, NULL, 264, '2019-06-13 13:13:51', 'root@localhost', NULL, NULL, NULL),
(224, 0.00, NULL, 0.00, NULL, 265, '2019-06-13 13:14:08', 'root@localhost', NULL, NULL, NULL),
(225, 0.00, NULL, 0.00, NULL, 266, '2019-06-13 13:14:13', 'root@localhost', NULL, NULL, NULL),
(226, 0.00, NULL, 0.00, NULL, 267, '2019-06-13 13:14:21', 'root@localhost', NULL, NULL, NULL),
(227, 0.00, NULL, 0.00, NULL, 268, '2019-06-13 13:22:12', 'root@localhost', NULL, NULL, NULL),
(228, 0.00, NULL, 0.00, NULL, 269, '2019-06-13 13:22:21', 'root@localhost', NULL, NULL, NULL),
(229, 0.00, NULL, 0.00, NULL, 270, '2019-06-13 13:22:31', 'root@localhost', NULL, NULL, NULL),
(230, 0.00, NULL, 0.00, NULL, 271, '2019-06-13 13:22:38', 'root@localhost', NULL, NULL, NULL),
(231, 0.00, NULL, 0.00, NULL, 272, '2019-06-13 13:22:45', 'root@localhost', NULL, NULL, NULL),
(232, 0.00, NULL, 0.00, NULL, 273, '2019-06-13 13:22:51', 'root@localhost', NULL, NULL, NULL),
(233, 0.00, NULL, 0.00, NULL, 274, '2019-06-13 13:22:57', 'root@localhost', NULL, NULL, NULL),
(234, 0.00, NULL, 0.00, NULL, 275, '2019-06-13 13:23:06', 'root@localhost', NULL, NULL, NULL),
(235, 0.00, NULL, 0.00, NULL, 276, '2019-06-13 13:23:13', 'root@localhost', NULL, NULL, NULL),
(236, 0.00, NULL, 0.00, NULL, 277, '2019-06-13 13:23:23', 'root@localhost', NULL, NULL, NULL),
(237, 0.00, NULL, 0.00, NULL, 278, '2019-06-13 13:23:27', 'root@localhost', NULL, NULL, NULL),
(238, 0.00, NULL, 0.00, NULL, 279, '2019-06-13 13:23:32', 'root@localhost', NULL, NULL, NULL),
(239, 0.00, NULL, 0.00, NULL, 280, '2019-06-13 13:23:37', 'root@localhost', NULL, NULL, NULL),
(240, 0.00, NULL, 0.00, NULL, 281, '2019-06-13 13:23:41', 'root@localhost', NULL, NULL, NULL),
(241, 0.00, NULL, 0.00, NULL, 282, '2019-06-13 13:23:49', 'root@localhost', NULL, NULL, NULL),
(242, 0.00, NULL, 0.00, NULL, 283, '2019-06-13 13:23:56', 'root@localhost', NULL, NULL, NULL),
(243, 0.00, NULL, 0.00, NULL, 284, '2019-06-13 13:24:06', 'root@localhost', NULL, NULL, NULL),
(244, 0.00, NULL, 0.00, NULL, 285, '2019-06-13 13:24:14', 'root@localhost', NULL, NULL, NULL),
(245, 0.00, NULL, 0.00, NULL, 286, '2019-06-13 13:24:24', 'root@localhost', NULL, NULL, NULL),
(246, 0.00, NULL, 0.00, NULL, 287, '2019-06-13 13:24:28', 'root@localhost', NULL, NULL, NULL),
(247, 0.00, NULL, 0.00, NULL, 288, '2019-06-13 13:24:53', 'root@localhost', NULL, NULL, NULL),
(248, 0.00, NULL, 0.00, NULL, 289, '2019-06-13 13:24:57', 'root@localhost', NULL, NULL, NULL),
(249, 0.00, NULL, 0.00, NULL, 290, '2019-06-13 13:25:04', 'root@localhost', NULL, NULL, NULL),
(250, 0.00, NULL, 0.00, NULL, 291, '2019-06-13 13:25:13', 'root@localhost', NULL, NULL, NULL),
(251, 0.00, NULL, 0.00, NULL, 292, '2019-06-13 13:25:33', 'root@localhost', NULL, NULL, NULL),
(252, 0.00, NULL, 0.00, NULL, 293, '2019-06-13 13:25:40', 'root@localhost', NULL, NULL, NULL),
(253, 0.00, NULL, 0.00, NULL, 294, '2019-06-13 13:25:51', 'root@localhost', NULL, NULL, NULL),
(254, 0.00, NULL, 0.00, NULL, 295, '2019-06-13 13:26:10', 'root@localhost', NULL, NULL, NULL),
(255, 0.00, NULL, 0.00, NULL, 296, '2019-06-13 13:26:19', 'root@localhost', NULL, NULL, NULL),
(256, 0.00, NULL, 0.00, NULL, 297, '2019-06-13 13:26:24', 'root@localhost', NULL, NULL, NULL),
(257, 0.00, NULL, 0.00, NULL, 298, '2019-06-13 13:26:43', 'root@localhost', NULL, NULL, NULL),
(258, 0.00, NULL, 0.00, NULL, 299, '2019-06-13 13:26:48', 'root@localhost', NULL, NULL, NULL),
(259, 0.00, NULL, 0.00, NULL, 300, '2019-06-13 13:26:54', 'root@localhost', NULL, NULL, NULL),
(260, 0.00, NULL, 0.00, NULL, 301, '2019-06-13 13:27:15', 'root@localhost', NULL, NULL, NULL),
(261, 0.00, NULL, 0.00, NULL, 302, '2019-06-13 13:27:21', 'root@localhost', NULL, NULL, NULL),
(262, 0.00, NULL, 0.00, NULL, 303, '2019-06-13 13:27:28', 'root@localhost', NULL, NULL, NULL),
(263, 0.00, NULL, 0.00, NULL, 304, '2019-06-13 13:27:37', 'root@localhost', NULL, NULL, NULL),
(264, 0.00, NULL, 0.00, NULL, 305, '2019-06-13 13:27:43', 'root@localhost', NULL, NULL, NULL),
(265, 0.00, NULL, 0.00, NULL, 306, '2019-06-13 13:27:47', 'root@localhost', NULL, NULL, NULL),
(266, 0.00, NULL, 0.00, NULL, 307, '2019-06-13 13:28:11', 'root@localhost', NULL, NULL, NULL),
(267, 0.00, NULL, 0.00, NULL, 308, '2019-06-14 07:42:31', 'root@localhost', NULL, NULL, NULL),
(268, 0.00, NULL, 0.00, NULL, 312, '2019-06-14 07:50:29', 'root@localhost', NULL, NULL, NULL),
(269, 0.00, NULL, 0.00, NULL, 317, '2019-06-14 08:23:54', 'root@localhost', NULL, NULL, NULL),
(270, 0.00, NULL, 0.00, NULL, 319, '2019-06-14 09:01:18', 'root@localhost', NULL, NULL, NULL),
(271, 0.00, NULL, 0.00, NULL, 320, '2019-06-14 09:04:07', 'root@localhost', NULL, NULL, NULL),
(272, 890.00, 5, 34.00, 1, 321, '2019-06-14 09:05:51', 'root@localhost', NULL, NULL, 4.5000),
(273, 0.00, NULL, 0.00, NULL, 322, '2019-06-14 09:08:15', 'root@localhost', NULL, NULL, NULL),
(274, 0.00, NULL, 0.00, NULL, 323, '2019-06-14 09:09:34', 'root@localhost', NULL, NULL, NULL),
(275, 0.00, NULL, 0.00, NULL, 324, '2019-06-14 09:22:02', 'root@localhost', NULL, NULL, NULL),
(276, 0.00, NULL, 0.00, NULL, 325, '2019-06-14 09:24:45', 'root@localhost', NULL, NULL, NULL),
(277, 0.00, NULL, 0.00, NULL, 326, '2019-06-14 09:25:55', 'root@localhost', NULL, NULL, NULL),
(278, 0.00, NULL, 0.00, NULL, 327, '2019-06-14 09:26:08', 'root@localhost', NULL, NULL, NULL),
(279, 0.00, NULL, 0.00, NULL, 328, '2019-06-14 09:29:39', 'root@localhost', NULL, NULL, NULL),
(280, 0.00, NULL, 0.00, NULL, 329, '2019-06-14 09:32:12', 'root@localhost', NULL, NULL, NULL),
(281, 0.00, NULL, 0.00, NULL, 330, '2019-06-14 09:35:55', 'root@localhost', NULL, NULL, NULL),
(282, 0.00, NULL, 0.00, NULL, 331, '2019-06-14 09:37:50', 'root@localhost', NULL, NULL, NULL),
(283, 0.00, NULL, 0.00, NULL, 332, '2019-06-14 09:39:29', 'root@localhost', NULL, NULL, NULL),
(284, 0.00, NULL, 0.00, NULL, 333, '2019-06-14 09:44:16', 'root@localhost', NULL, NULL, NULL),
(285, 0.00, NULL, 0.00, NULL, 334, '2019-06-14 09:49:37', 'root@localhost', NULL, NULL, NULL),
(286, 230.00, 5, 45.00, 1, 335, '2019-06-14 09:50:14', 'root@localhost', NULL, NULL, 3.4000),
(287, 0.00, NULL, 0.00, NULL, 336, '2019-06-14 09:59:39', 'root@localhost', NULL, NULL, NULL),
(288, 0.00, NULL, 0.00, NULL, 337, '2019-06-18 09:19:17', 'root@localhost', NULL, NULL, NULL),
(289, 0.00, NULL, 0.00, NULL, 338, '2019-06-19 11:03:40', 'root@localhost', NULL, NULL, NULL),
(290, 900.00, 5, 32.00, 1, 339, '2019-06-20 08:07:20', 'root@localhost', NULL, NULL, 3.4000),
(291, 900.00, 5, 32.00, 1, 340, '2019-06-20 13:29:45', 'root@localhost', NULL, NULL, NULL),
(292, 0.00, NULL, 0.00, NULL, 341, '2019-06-22 06:04:32', 'root@localhost', NULL, NULL, NULL),
(293, 0.00, NULL, 0.00, NULL, 342, '2019-06-22 06:04:59', 'root@localhost', NULL, NULL, NULL),
(294, NULL, NULL, NULL, NULL, 343, '2019-06-22 09:17:42', 'root@localhost', NULL, NULL, NULL),
(295, 0.00, NULL, 0.00, NULL, 344, '2019-06-24 14:17:25', 'root@localhost', NULL, NULL, NULL),
(296, 0.00, NULL, 0.00, NULL, 345, '2019-06-24 14:18:36', 'root@localhost', NULL, NULL, NULL),
(297, NULL, NULL, NULL, NULL, 346, '2019-06-24 14:19:31', 'root@localhost', NULL, NULL, NULL),
(298, NULL, NULL, NULL, NULL, 347, '2019-09-03 10:01:39', 'root@localhost', NULL, NULL, NULL);

-- 
-- Dumping data for table adm_transacciones_log
--
INSERT INTO adm_transacciones_log VALUES
(2, 'usuarios', 'ricardo_medina102', '33', 'INSERT', 'Creacion del usuario ricardo_medina102', '2019-06-24 12:30:28'),
(3, 'usuarios', 'ricardo_medina1033', '33', 'UPDATE', 'Actualizacion del usuario ricardo_medina1033', '2019-06-24 14:31:37'),
(4, 'usuarios', 'ricardo_medina1023', '33', 'UPDATE', 'Actualizacion del usuario ricardo_medina1033', '2019-06-24 14:33:14'),
(5, 'usuarios', 'h_guerrero', '34', 'INSERT', 'Creacion del usuario h_guerrero', '2019-06-24 13:07:04'),
(6, 'usuarios', 'ricardo_medina1043', '41', 'INSERT', 'Creacion del usuario ricardo_medina1043', '2019-06-24 13:25:35'),
(7, 'usuarios', 'hguerrero', '44', 'INSERT', 'Creacion del usuario hguerrero', '2019-06-24 13:27:27'),
(8, 'usuarios', 'h_guerrero0112', '45', 'INSERT', 'Creacion del usuario h_guerrero0112', '2019-06-24 13:28:45'),
(9, 'usuarios', 'h_guerreroo0', '46', 'INSERT', 'Creacion del usuario h_guerreroo0', '2019-06-24 13:32:43'),
(10, 'usuarios', 'hg_01', '47', 'INSERT', 'Creacion del usuario hg_01', '2019-06-24 13:34:11'),
(11, 'usuarios', 'hg_01', '47', 'UPDATE', 'Actualizacion del usuario hg_01', '2019-06-24 13:50:11'),
(12, 'usuarios', 'h_guerreroo0', '46', 'UPDATE', 'Actualizacion del usuario h_guerreroo0', '2019-06-24 13:50:15'),
(13, 'usuarios', 'h_guerrero0112', '45', 'UPDATE', 'Actualizacion del usuario h_guerrero0112', '2019-06-24 13:50:18'),
(14, 'usuarios', 'hguerrero', '44', 'UPDATE', 'Actualizacion del usuario hguerrero', '2019-06-24 13:50:20'),
(15, 'usuarios', 'ricardo_medina1043', '41', 'UPDATE', 'Actualizacion del usuario ricardo_medina1043', '2019-06-24 13:50:23'),
(16, 'usuarios', 'ricardo_medina1023', '33', 'UPDATE', 'Actualizacion del usuario ricardo_medina1023', '2019-06-24 13:50:27'),
(17, 'usuarios', 'ricardo_medina101', '32', 'UPDATE', 'Actualizacion del usuario ricardo_medina101', '2019-06-24 13:50:31'),
(18, 'prodctos', 'MELON CHINO', '344', 'INSERT', 'Creacion del producto MELON CHINO', '2019-06-24 14:17:25'),
(19, 'prodctos', 'MELON CHINO', '344', 'UPDATE', 'Actualizacion del producto MELON CHINO', '2019-06-24 14:17:25'),
(20, 'prodctos', 'UVA GLOBO ROJA', '345', 'INSERT', 'Creacion del producto UVA GLOBO ROJA', '2019-06-24 14:18:36'),
(21, 'prodctos', 'UVA GLOBO ROJA', '345', 'UPDATE', 'Actualizacion del producto UVA GLOBO ROJA', '2019-06-24 14:18:36'),
(22, 'prodctos', 'PERA GOLDEN', '346', 'INSERT', 'Creacion del producto PERA GOLDEN', '2019-06-24 14:19:31'),
(23, 'prodctos', 'PERA GOLDEN RED', '346', 'UPDATE', 'Actualizacion del producto PERA GOLDEN RED', '2019-06-24 14:19:50'),
(24, 'prodctos', 'PERA GOLDEN RED', '346', 'UPDATE', 'Actualizacion del producto PERA GOLDEN RED', '2019-06-24 14:24:56'),
(25, 'prodctos', 'PERA GOLDEN RED', '346', 'UPDATE', 'Actualizacion del producto PERA GOLDEN RED', '2019-06-24 14:25:48'),
(26, 'usuarios', 'guerrero0110', '34', 'UPDATE', 'Actualizacion del usuario h_guerrero', '2019-06-25 07:45:53'),
(27, 'usuarios', 'mundo', '1', 'UPDATE', 'Actualizacion del usuario mundo_cosecha_express', '2019-06-25 07:46:16'),
(28, 'usuarios', 'guerrero2121', '34', 'UPDATE', 'Actualizacion del usuario guerrero0110', '2019-06-25 07:52:50'),
(29, 'usuarios', 'guerrero2121', '34', 'UPDATE', 'Actualizacion del usuario guerrero2121', '2019-06-25 07:53:44'),
(30, 'usuarios', 'ÁngelGabriel.Vergara1', '4', 'UPDATE', 'Actualizacion del usuario ÁngelGabriel.Vergara', '2019-06-25 07:54:15'),
(31, 'usuarios', 'guerrero5435', '34', 'UPDATE', 'Actualizacion del usuario guerrero2121', '2019-06-25 07:57:21'),
(32, 'usuarios', 'Alfonso6122', '7', 'UPDATE', 'Actualizacion del usuario Alfonso61', '2019-06-25 07:57:38'),
(33, 'usuarios', 'Ricardo87', '19', 'UPDATE', 'Actualizacion del usuario Ricardo87', '2019-06-25 07:57:55'),
(34, 'usuarios', 'Jacobo.Casares', '20', 'UPDATE', 'Actualizacion del usuario Jacobo.Casares', '2019-06-25 07:57:58'),
(35, 'usuarios', 'Leticia_Gamez3123', '30', 'UPDATE', 'Actualizacion del usuario Leticia_Gamez61', '2019-06-25 08:02:21'),
(36, 'usuarios', 'Leticia_Game4', '30', 'UPDATE', 'Actualizacion del usuario Leticia_Gamez3123', '2019-06-25 08:02:48'),
(37, 'usuarios', 'Caridad.Perales', '3', 'UPDATE', 'Actualizacion del usuario Caridad.Perales', '2019-06-25 08:04:22'),
(38, 'usuarios', 'Santiago_Kortajarena38', '28', 'UPDATE', 'Actualizacion del usuario Santiago_Kortajarena38', '2019-06-25 08:12:34'),
(39, 'usuarios', 'AlondraRomina.León0', '8', 'UPDATE', 'Actualizacion del usuario AlondraRomina.León0', '2019-06-25 08:14:03'),
(40, 'usuarios', 'Alfonso6122', '7', 'UPDATE', 'Actualizacion del usuario Alfonso6122', '2019-06-25 08:14:12'),
(41, 'usuarios', 'AlondraRomina.León0', '8', 'UPDATE', 'Actualizacion del usuario AlondraRomina.León0', '2019-06-25 08:16:26'),
(42, 'usuarios', 'ÁngelGabriel.Vergara1', '4', 'UPDATE', 'Actualizacion del usuario ÁngelGabriel.Vergara1', '2019-06-25 08:16:37'),
(43, 'usuarios', 'Cristobal.Rodríguez711', '9', 'UPDATE', 'Actualizacion del usuario Cristobal.Rodríguez71', '2019-06-25 08:35:59'),
(44, 'usuarios', 'Ester_Zamora12', '10', 'UPDATE', 'Actualizacion del usuario Ester_Zamora', '2019-06-25 08:37:25'),
(45, 'usuarios', 'ricardo_medina99', '31', 'UPDATE', 'Actualizacion del usuario ricardo_medina99', '2019-06-25 08:38:27'),
(46, 'usuarios', 'Cristobal.Rodríguez711', '9', 'UPDATE', 'Actualizacion del usuario Cristobal.Rodríguez711', '2019-06-25 08:46:29'),
(47, 'usuarios', 'hgf', '51', 'INSERT', 'Creacion del usuario hgf', '2019-06-25 08:47:25'),
(48, 'usuarios', 'hgf', '51', 'UPDATE', 'Actualizacion del usuario hgf', '2019-06-25 08:47:52'),
(49, 'usuarios', 'hugo_guerrero_cosecha_express', '52', 'INSERT', 'Creacion del usuario hugo_guerrero_cosecha_express', '2019-06-25 09:03:41'),
(50, 'usuarios', 'hugo_guerrero_cosecha_express', '52', 'UPDATE', 'Actualizacion del usuario hugo_guerrero_cosecha_express', '2019-06-25 09:03:51'),
(51, 'usuarios', 'rica_23', '53', 'INSERT', 'Creacion del usuario rica_23', '2019-06-25 09:07:44'),
(52, 'usuarios', 'hug', '54', 'INSERT', 'Creacion del usuario hug', '2019-06-25 09:20:26'),
(53, 'usuarios', 'alberr', '55', 'INSERT', 'Creacion del usuario alberr', '2019-06-25 09:28:21'),
(54, 'usuarios', 'mundo', '1', 'UPDATE', 'Actualizacion del usuario mundo', '2019-06-25 09:32:36'),
(55, 'usuarios', 'ale.delgado', '12', 'UPDATE', 'Actualizacion del usuario VictorManuel.Ballesteros', '2019-06-25 09:38:33'),
(56, 'usuarios', 'Mónica_Granado', '2', 'UPDATE', 'Actualizacion del usuario Mónica_Granado', '2019-06-25 09:39:24'),
(57, 'usuarios', 'FernandoJavier_Gallegos73', '25', 'UPDATE', 'Actualizacion del usuario FernandoJavier_Gallegos73', '2019-06-25 10:42:29'),
(58, 'usuarios', 'j', '56', 'INSERT', 'Creacion del usuario j', '2019-06-25 12:27:34'),
(59, 'usuarios', 'j', '56', 'UPDATE', 'Actualizacion del usuario j', '2019-06-25 12:27:44'),
(60, 'prodctos', 'ACEITE', '42', 'UPDATE', 'Actualizacion del producto ACEITE', '2019-06-25 13:57:10'),
(61, 'prodctos', 'ACEITE', '42', 'UPDATE', 'Actualizacion del producto ACEITE', '2019-06-25 13:57:28'),
(62, 'prodctos', 'ALCACHOFA', '52', 'UPDATE', 'Actualizacion del producto ALCACHOFA', '2019-06-25 13:57:42'),
(63, 'prodctos', 'ALFALFA', '53', 'UPDATE', 'Actualizacion del producto ALFALFA', '2019-06-25 13:58:11'),
(64, 'prodctos', 'ALMENDRA ENTERA', '54', 'UPDATE', 'Actualizacion del producto ALMENDRA ENTERA', '2019-06-25 13:58:22'),
(65, 'usuarios', 'ricardo_medina03', '57', 'INSERT', 'Creacion del usuario ricardo_medina03', '2019-06-26 07:26:29'),
(66, 'usuarios', 'ricardo_medina03', '57', 'DELETE', 'Eliminacion del usuario ricardo_medina03', '2019-06-26 08:08:39'),
(67, 'usuarios', 'FernandoJavier_Gallegos73', '25', 'UPDATE', 'Actualizacion del usuario FernandoJavier_Gallegos73', '2019-06-26 08:09:10'),
(68, 'prodctos', 'ALMENDRA ENTERA', '54', 'UPDATE', 'Actualizacion del producto ALMENDRA ENTERA', '2019-06-26 13:34:21'),
(69, 'prodctos', 'ALMENDRA ENTERA', '54', 'UPDATE', 'Actualizacion del producto ALMENDRA ENTERA', '2019-06-26 13:34:50'),
(70, 'prodctos', 'ALMENDRA ENTERA', '54', 'UPDATE', 'Actualizacion del producto ALMENDRA ENTERA', '2019-06-26 13:34:59'),
(71, 'prodctos', 'ALMENDRA ENTERA', '54', 'UPDATE', 'Actualizacion del producto ALMENDRA ENTERA', '2019-06-26 13:35:05'),
(72, 'prodctos', 'ALMENDRA ENTERA', '54', 'UPDATE', 'Actualizacion del producto ALMENDRA ENTERA', '2019-06-26 13:35:11'),
(73, 'prodctos', 'ALMENDRA ENTERA', '54', 'UPDATE', 'Actualizacion del producto ALMENDRA ENTERA', '2019-06-26 13:35:16'),
(74, 'prodctos', 'ALMENDRA ENTERA', '54', 'UPDATE', 'Actualizacion del producto ALMENDRA ENTERA', '2019-06-26 13:35:22'),
(75, 'prodctos', 'ALMENDRA ENTERA', '54', 'UPDATE', 'Actualizacion del producto ALMENDRA ENTERA', '2019-06-26 13:35:30'),
(76, 'prodctos', 'ALMENDRA ENTERA', '54', 'UPDATE', 'Actualizacion del producto ALMENDRA ENTERA', '2019-06-27 07:41:31'),
(77, 'prodctos', 'ALMENDRA ENTERA', '54', 'UPDATE', 'Actualizacion del producto ALMENDRA ENTERA', '2019-06-27 07:41:59'),
(78, 'prodctos', 'ALMENDRA ENTERA', '54', 'UPDATE', 'Actualizacion del producto ALMENDRA ENTERA', '2019-06-27 07:42:17'),
(79, 'prodctos', 'AGUACATE EXTRA', '47', 'UPDATE', 'Actualizacion del producto AGUACATE EXTRA', '2019-06-27 08:16:13'),
(80, 'prodctos', 'AGUACATE EXTRA', '47', 'UPDATE', 'Actualizacion del producto AGUACATE EXTRA', '2019-06-27 08:16:20'),
(81, 'prodctos', 'ALMENDRA ENTERA', '54', 'UPDATE', 'Actualizacion del producto ALMENDRA ENTERA', '2019-06-29 08:32:46'),
(82, 'prodctos', 'ALMENDRA ENTERA', '54', 'UPDATE', 'Actualizacion del producto ALMENDRA ENTERA', '2019-08-31 08:33:33'),
(83, 'prodctos', 'ANIZ ESTRELLA', '58', 'UPDATE', 'Actualizacion del producto ANIZ ESTRELLA', '2019-06-27 08:52:23'),
(84, 'prodctos', 'ANIZ ESTRELLA', '58', 'UPDATE', 'Actualizacion del producto ANIZ ESTRELLA', '2019-06-27 08:52:41'),
(85, 'prodctos', 'ALCACHOFA', '52', 'UPDATE', 'Actualizacion del producto ALCACHOFA', '2019-06-27 09:34:00'),
(86, 'prodctos', 'ALFALFA', '53', 'UPDATE', 'Actualizacion del producto ALFALFA', '2019-06-27 09:34:47'),
(87, 'prodctos', 'ALFALFA', '53', 'UPDATE', 'Actualizacion del producto ALFALFA', '2019-06-27 09:35:56'),
(88, 'prodctos', 'ALFALFA', '53', 'UPDATE', 'Actualizacion del producto ALFALFA', '2019-06-27 09:36:43'),
(89, 'prodctos', 'ALFALFA', '53', 'UPDATE', 'Actualizacion del producto ALFALFA', '2019-06-27 09:36:54'),
(90, 'prodctos', 'ALFALFA', '53', 'UPDATE', 'Actualizacion del producto ALFALFA', '2019-06-27 09:37:02'),
(91, 'prodctos', 'ALFALFA', '53', 'UPDATE', 'Actualizacion del producto ALFALFA', '2019-06-27 09:37:08'),
(92, 'prodctos', 'ACELGA', '43', 'UPDATE', 'Actualizacion del producto ACELGA', '2019-06-27 09:40:14'),
(93, 'prodctos', 'ACELGA', '43', 'UPDATE', 'Actualizacion del producto ACELGA', '2019-07-03 09:48:02'),
(94, 'prodctos', 'ACELGA', '43', 'UPDATE', 'Actualizacion del producto ACELGA', '2019-08-03 09:48:45'),
(95, 'prodctos', 'ACELGA', '43', 'UPDATE', 'Actualizacion del producto ACELGA', '2019-09-03 09:49:06'),
(96, 'prodctos', 'MANZANA VERDE', '347', 'INSERT', 'Creacion del producto MANZANA VERDE', '2019-09-03 10:01:39'),
(97, 'prodctos', 'MANZANA VERDE', '347', 'UPDATE', 'Actualizacion del producto MANZANA VERDE', '2019-09-03 10:01:54'),
(98, 'prodctos', 'MANZANA VERDE', '347', 'UPDATE', 'Actualizacion del producto MANZANA VERDE', '2019-09-03 10:02:06'),
(99, 'prodctos', 'MANZANA VERDE', '347', 'UPDATE', 'Actualizacion del producto MANZANA VERDE', '2019-09-03 10:02:16'),
(100, 'prodctos', 'MANZANA VERDE', '347', 'UPDATE', 'Actualizacion del producto MANZANA VERDE', '2019-09-03 10:02:22'),
(101, 'prodctos', 'MANZANA VERDE', '347', 'UPDATE', 'Actualizacion del producto MANZANA VERDE', '2019-09-10 10:03:00'),
(102, 'prodctos', 'MANZANA VERDE', '347', 'UPDATE', 'Actualizacion del producto MANZANA VERDE', '2019-09-12 10:03:46'),
(103, 'prodctos', 'MANZANA VERDE', '347', 'UPDATE', 'Actualizacion del producto MANZANA VERDE', '2019-09-17 10:04:11'),
(104, 'prodctos', 'MANZANA VERDE', '347', 'UPDATE', 'Actualizacion del producto MANZANA VERDE', '2019-09-20 10:04:45'),
(105, 'prodctos', 'MANZANA VERDE', '347', 'UPDATE', 'Actualizacion del producto MANZANA VERDE', '2019-09-24 10:04:57'),
(106, 'prodctos', 'MANZANA VERDE', '347', 'UPDATE', 'Actualizacion del producto MANZANA VERDE', '2019-10-24 10:05:19'),
(107, 'prodctos', 'MANZANA VERDE', '347', 'UPDATE', 'Actualizacion del producto MANZANA VERDE', '2019-11-24 11:05:34'),
(108, 'prodctos', 'MANZANA VERDE', '347', 'UPDATE', 'Actualizacion del producto MANZANA VERDE', '2019-06-27 13:04:38'),
(109, 'prodctos', 'ALMENDRA ENTERA', '54', 'UPDATE', 'Actualizacion del producto ALMENDRA ENTERA', '2019-06-27 13:11:35'),
(110, 'prodctos', 'ALMENDRA ENTERA', '54', 'UPDATE', 'Actualizacion del producto ALMENDRA ENTERA', '2019-06-27 13:12:08'),
(111, 'prodctos', 'AJONJOLI', '50', 'UPDATE', 'Actualizacion del producto AJONJOLI', '2019-06-27 13:14:01'),
(112, 'prodctos', 'ACEITE', '42', 'UPDATE', 'Actualizacion del producto ACEITE', '2019-06-27 13:15:38'),
(113, 'prodctos', 'ACEITE', '42', 'UPDATE', 'Actualizacion del producto ACEITE', '2019-06-27 13:16:01'),
(114, 'prodctos', 'ACEITE', '42', 'UPDATE', 'Actualizacion del producto ACEITE', '2019-06-27 13:16:07'),
(115, 'prodctos', 'ACEITE', '42', 'UPDATE', 'Actualizacion del producto ACEITE', '2019-07-12 13:19:30'),
(116, 'prodctos', 'ACEITE', '42', 'UPDATE', 'Actualizacion del producto ACEITE', '2019-07-16 13:19:50'),
(117, 'prodctos', 'ACEITE', '42', 'UPDATE', 'Actualizacion del producto ACEITE', '2019-07-30 13:21:03'),
(118, 'prodctos', 'ACEITE', '42', 'UPDATE', 'Actualizacion del producto ACEITE', '2019-08-30 13:21:26'),
(119, 'prodctos', 'ACEITE', '42', 'UPDATE', 'Actualizacion del producto ACEITE', '2019-09-08 13:24:39'),
(120, 'prodctos', 'ACELGA', '43', 'UPDATE', 'Actualizacion del producto ACELGA', '2019-09-08 13:35:24'),
(121, 'prodctos', 'MANZANA VERDE', '347', 'UPDATE', 'Actualizacion del producto MANZANA VERDE', '2019-09-08 13:43:13'),
(122, 'prodctos', 'MANZANA VERDE', '347', 'UPDATE', 'Actualizacion del producto MANZANA VERDE', '2019-09-08 13:44:10'),
(123, 'prodctos', 'ARANDANO', '60', 'UPDATE', 'Actualizacion del producto ARANDANO', '2019-09-08 13:46:29'),
(124, 'prodctos', 'MANZANA VERDE', '347', 'UPDATE', 'Actualizacion del producto MANZANA VERDE', '2019-09-08 13:57:37'),
(125, 'prodctos', 'MANZANA VERDE', '347', 'UPDATE', 'Actualizacion del producto MANZANA VERDE', '2019-06-27 14:35:45'),
(126, 'prodctos', 'MANZANA VERDE', '347', 'UPDATE', 'Actualizacion del producto MANZANA VERDE', '2019-06-27 14:35:51'),
(127, 'prodctos', 'MANZANA VERDE', '347', 'UPDATE', 'Actualizacion del producto MANZANA VERDE', '2019-06-27 14:39:32'),
(128, 'prodctos', 'ACEITE', '42', 'UPDATE', 'Actualizacion del producto ACEITE', '2019-06-27 14:44:40'),
(129, 'prodctos', 'ACEITE', '42', 'UPDATE', 'Actualizacion del producto ACEITE', '2019-06-27 17:27:12'),
(130, 'prodctos', 'ACEITE', '42', 'UPDATE', 'Actualizacion del producto ACEITE', '2019-06-27 17:29:47'),
(131, 'prodctos', 'ACEITE', '42', 'UPDATE', 'Actualizacion del producto ACEITE', '2019-06-27 17:30:13'),
(132, 'prodctos', 'ACEITE', '42', 'UPDATE', 'Actualizacion del producto ACEITE', '2019-06-27 17:30:38'),
(133, 'prodctos', 'ACEITE', '42', 'UPDATE', 'Actualizacion del producto ACEITE', '2019-06-27 17:33:16'),
(134, 'prodctos', 'ACEITE', '42', 'UPDATE', 'Actualizacion del producto ACEITE', '2019-06-27 17:55:17'),
(135, 'prodctos', 'ACEITE', '42', 'UPDATE', 'Actualizacion del producto ACEITE', '2019-06-28 08:44:33'),
(136, 'prodctos', 'ACEITE', '42', 'UPDATE', 'Actualizacion del producto ACEITE', '2019-06-29 10:22:54'),
(137, 'prodctos', 'ACEITE', '42', 'UPDATE', 'Actualizacion del producto ACEITE', '2019-06-30 10:23:11'),
(138, 'prodctos', 'ACEITE', '42', 'UPDATE', 'Actualizacion del producto ACEITE', '2019-06-30 10:31:00'),
(139, 'prodctos', 'ACEITE', '42', 'UPDATE', 'Actualizacion del producto ACEITE', '2019-06-30 10:35:55'),
(140, 'prodctos', 'ACEITE', '42', 'UPDATE', 'Actualizacion del producto ACEITE', '2019-07-30 10:37:47'),
(141, 'prodctos', 'ACEITE', '42', 'UPDATE', 'Actualizacion del producto ACEITE', '2019-08-30 10:38:29'),
(142, 'prodctos', 'ACEITE', '42', 'UPDATE', 'Actualizacion del producto ACEITE', '2019-08-31 10:40:43'),
(143, 'prodctos', 'ACEITE', '42', 'UPDATE', 'Actualizacion del producto ACEITE', '2019-09-11 10:41:06'),
(144, 'prodctos', 'ACEITE', '42', 'UPDATE', 'Actualizacion del producto ACEITE', '2019-09-18 10:41:55'),
(145, 'prodctos', 'ACEITE', '42', 'UPDATE', 'Actualizacion del producto ACEITE', '2019-09-20 10:42:27'),
(146, 'prodctos', 'ACEITE', '42', 'UPDATE', 'Actualizacion del producto ACEITE', '2019-09-21 10:42:42'),
(147, 'prodctos', 'ACEITE', '42', 'UPDATE', 'Actualizacion del producto ACEITE', '2019-09-22 10:42:50'),
(148, 'prodctos', 'ACEITE', '42', 'UPDATE', 'Actualizacion del producto ACEITE', '2019-06-28 12:40:35'),
(149, 'prodctos', 'MANZANA VERDE', '347', 'UPDATE', 'Actualizacion del producto MANZANA VERDE', '2019-06-28 12:55:30'),
(150, 'prodctos', 'MANZANA VERDE', '347', 'UPDATE', 'Actualizacion del producto MANZANA VERDE', '2019-06-28 12:55:55'),
(151, 'prodctos', 'MANZANA VERDE', '347', 'UPDATE', 'Actualizacion del producto MANZANA VERDE', '2019-06-28 12:56:21'),
(152, 'prodctos', 'MANZANA VERDE', '347', 'UPDATE', 'Actualizacion del producto MANZANA VERDE', '2019-06-28 12:57:22'),
(153, 'prodctos', 'ACEITE', '42', 'UPDATE', 'Actualizacion del producto ACEITE', '2019-06-28 12:57:45'),
(154, 'prodctos', 'MANZANA VERDE', '347', 'UPDATE', 'Actualizacion del producto MANZANA VERDE', '2019-06-29 12:57:56'),
(155, 'prodctos', 'ACEITE', '42', 'UPDATE', 'Actualizacion del producto ACEITE', '2019-06-29 12:59:25'),
(156, 'prodctos', 'ACEITE', '42', 'UPDATE', 'Actualizacion del producto ACEITE', '2019-07-02 12:59:32'),
(157, 'prodctos', 'ACEITE', '42', 'UPDATE', 'Actualizacion del producto ACEITE', '2019-07-02 13:00:25'),
(158, 'prodctos', 'ACEITE', '42', 'UPDATE', 'Actualizacion del producto ACEITE', '2019-07-02 13:15:48'),
(159, 'prodctos', 'ACEITE', '42', 'UPDATE', 'Actualizacion del producto ACEITE', '2019-07-02 13:29:06'),
(160, 'prodctos', 'ACEITE', '42', 'UPDATE', 'Actualizacion del producto ACEITE', '2019-07-02 13:30:51'),
(161, 'prodctos', 'ACEITE', '42', 'UPDATE', 'Actualizacion del producto ACEITE', '2019-07-02 13:31:56'),
(162, 'prodctos', 'ACEITE', '42', 'UPDATE', 'Actualizacion del producto ACEITE', '2019-07-02 14:14:43'),
(163, 'prodctos', 'ALBACAR', '51', 'UPDATE', 'Actualizacion del producto ALBACAR', '2019-07-02 14:19:17'),
(164, 'prodctos', 'ALBACAR', '51', 'UPDATE', 'Actualizacion del producto ALBACAR', '2019-07-02 14:19:32'),
(165, 'prodctos', 'ALFALFA', '53', 'UPDATE', 'Actualizacion del producto ALFALFA', '2019-07-02 14:20:40'),
(166, 'prodctos', 'ALBACAR', '51', 'UPDATE', 'Actualizacion del producto ALBACAR', '2019-07-02 14:20:51'),
(167, 'prodctos', 'ALBACAR', '51', 'UPDATE', 'Actualizacion del producto ALBACAR', '2019-07-02 14:21:04'),
(168, 'prodctos', 'ACELGA', '43', 'UPDATE', 'Actualizacion del producto ACELGA', '2019-07-02 14:22:02'),
(169, 'prodctos', 'ACELGA', '43', 'UPDATE', 'Actualizacion del producto ACELGA', '2019-07-02 14:22:19'),
(170, 'prodctos', 'ACELGA', '43', 'UPDATE', 'Actualizacion del producto ACELGA', '2019-07-02 14:22:25'),
(171, 'prodctos', 'ACELGA', '43', 'UPDATE', 'Actualizacion del producto ACELGA', '2019-07-02 14:22:33'),
(172, 'prodctos', 'ACELGA', '43', 'UPDATE', 'Actualizacion del producto ACELGA', '2019-07-02 14:22:43'),
(173, 'prodctos', 'ACELGA', '43', 'UPDATE', 'Actualizacion del producto ACELGA', '2019-07-02 14:23:00'),
(174, 'prodctos', 'ACELGA', '43', 'UPDATE', 'Actualizacion del producto ACELGA', '2019-07-02 14:29:39'),
(175, 'prodctos', 'ACELGA', '43', 'UPDATE', 'Actualizacion del producto ACELGA', '2019-07-03 10:35:18'),
(176, 'prodctos', 'ACELGA', '43', 'UPDATE', 'Actualizacion del producto ACELGA', '2019-06-29 10:36:01'),
(177, 'prodctos', 'ACEITE', '42', 'UPDATE', 'Actualizacion del producto ACEITE', '2019-06-29 10:52:07'),
(178, 'prodctos', 'ACEITE', '42', 'UPDATE', 'Actualizacion del producto ACEITE', '2019-06-30 10:52:29'),
(179, 'prodctos', 'ACEITE', '42', 'UPDATE', 'Actualizacion del producto ACEITE', '2019-07-04 10:52:37');

-- 
-- Dumping data for table adm_precios_log
--
INSERT INTO adm_precios_log VALUES
(1, 'productos', 42, NULL, 60, 70, '2019-06-29 12:59:25'),
(2, 'productos', 42, NULL, 70, 120, '2019-07-02 12:59:32'),
(3, 'productos', 42, NULL, 120, 38, '2019-07-02 13:00:25'),
(4, 'productos', 42, NULL, 38, 87, '2019-07-02 13:15:48'),
(5, 'productos', 42, NULL, 87, 139, '2019-07-02 13:29:06'),
(6, 'productos', 42, NULL, 139, 56, '2019-07-02 13:30:51'),
(7, 'productos', 42, NULL, 56, 190, '2019-07-02 13:31:56'),
(8, 'productos', 42, NULL, 190, 90, '2019-07-02 14:14:43'),
(9, 'productos', 51, NULL, 33, 33, '2019-07-02 14:19:17'),
(10, 'productos', 51, NULL, 33, 31, '2019-07-02 14:19:32'),
(11, 'productos', 53, NULL, 4, 20, '2019-07-02 14:20:40'),
(12, 'productos', 51, NULL, 31, 123, '2019-07-02 14:20:51'),
(13, 'productos', 51, NULL, 123, 544, '2019-07-02 14:21:04'),
(14, 'productos', 43, NULL, 170, 50, '2019-07-02 14:22:02'),
(15, 'productos', 43, NULL, 50, 15, '2019-07-02 14:22:19'),
(16, 'productos', 43, NULL, 15, 78, '2019-07-02 14:22:25'),
(17, 'productos', 43, NULL, 78, 51, '2019-07-02 14:22:33'),
(18, 'productos', 43, NULL, 51, 51, '2019-07-02 14:22:43'),
(19, 'productos', 43, NULL, 51, 58, '2019-07-02 14:23:00'),
(20, 'productos', 43, NULL, 58, 200, '2019-07-02 14:29:39'),
(21, 'producto_precio_esp', 42, 68, 87.56, 90, '2019-07-03 10:34:55'),
(22, 'productos', 43, NULL, 200, 100, '2019-07-03 10:35:18'),
(23, 'productos', 43, NULL, 100, 120, '2019-06-29 10:36:01'),
(24, 'productos', 42, NULL, 90, 50, '2019-06-29 10:52:07'),
(25, 'productos', 42, NULL, 50, 98, '2019-06-30 10:52:29'),
(26, 'productos', 42, NULL, 98, 12, '2019-07-04 10:52:37');

--
-- Set default database
--
USE cosechaexpress2;

--
-- Drop trigger `usuarios_ai_er`
--
DROP TRIGGER IF EXISTS usuarios_ai_er;

--
-- Drop trigger `usuarios_au_er`
--
DROP TRIGGER IF EXISTS usuarios_au_er;

--
-- Drop trigger `usuarios_bi_er`
--
DROP TRIGGER IF EXISTS usuarios_bi_er;

--
-- Drop trigger `usuarios_bu_up`
--
DROP TRIGGER IF EXISTS usuarios_bu_up;

--
-- Drop trigger `productos_precio_esp_au_er`
--
DROP TRIGGER IF EXISTS productos_precio_esp_au_er;

--
-- Drop trigger `producto_precio_esp_bi`
--
DROP TRIGGER IF EXISTS producto_precio_esp_bi;

--
-- Drop trigger `equivalencias_ai_er`
--
DROP TRIGGER IF EXISTS equivalencias_ai_er;

--
-- Drop trigger `productos_ai_er`
--
DROP TRIGGER IF EXISTS productos_ai_er;

--
-- Drop trigger `productos_au_er`
--
DROP TRIGGER IF EXISTS productos_au_er;

--
-- Drop trigger `productos_bi_er`
--
DROP TRIGGER IF EXISTS productos_bi_er;

--
-- Drop trigger `productos_bu_er`
--
DROP TRIGGER IF EXISTS productos_bu_er;

--
-- Drop trigger `productos_precio_au_er`
--
DROP TRIGGER IF EXISTS productos_precio_au_er;

--
-- Drop trigger `equivalencias_bi_er`
--
DROP TRIGGER IF EXISTS equivalencias_bi_er;

--
-- Drop trigger `clientes_bi_er`
--
DROP TRIGGER IF EXISTS clientes_bi_er;

--
-- Drop trigger `clientes_bu_er`
--
DROP TRIGGER IF EXISTS clientes_bu_er;

--
-- Set default database
--
USE cosechaexpress2;

DELIMITER $$

--
-- Create trigger `equivalencias_bi_er`
--
CREATE
DEFINER = 'root'@'%'
TRIGGER equivalencias_bi_er
BEFORE INSERT
ON equivalencias
FOR EACH ROW
BEGIN
  SET NEW.fecha_creacion = NOW(), NEW.creado_por = USER();
END
$$

--
-- Create trigger `equivalencias_ai_er`
--
CREATE
DEFINER = 'root'@'%'
TRIGGER equivalencias_ai_er
AFTER INSERT
ON productos
FOR EACH ROW
BEGIN
  INSERT INTO equivalencias (equivalencia1, equivalencia2, id_producto)
    VALUES (0, 0, New.id_producto);
END
$$

--
-- Create trigger `productos_ai_er`
--
CREATE
DEFINER = 'root'@'%'
TRIGGER productos_ai_er
AFTER INSERT
ON productos
FOR EACH ROW
FOLLOWS equivalencias_ai_er
BEGIN
  INSERT INTO adm_transacciones_log (nombre_tabla, nombre_objeto, id_objeto, tipo_transaccion, descripcion, fecha_creacion)
    VALUES ('prodctos', NEW.nombre_producto, NEW.id_producto, 'INSERT', CONCAT('Creacion del producto ', new.nombre_producto), NOW());
END
$$

--
-- Create trigger `productos_au_er`
--
CREATE
DEFINER = 'root'@'%'
TRIGGER productos_au_er
AFTER UPDATE
ON productos
FOR EACH ROW
BEGIN
  INSERT INTO adm_transacciones_log (nombre_tabla, nombre_objeto, id_objeto, tipo_transaccion, descripcion, fecha_creacion)
    VALUES ('prodctos', NEW.nombre_producto, NEW.id_producto, 'UPDATE', CONCAT('Actualizacion del producto ', new.nombre_producto), NOW());
END
$$

--
-- Create trigger `productos_bi_er`
--
CREATE
DEFINER = 'root'@'%'
TRIGGER productos_bi_er
BEFORE INSERT
ON productos
FOR EACH ROW
BEGIN
  SET NEW.fecha_creacion = NOW(), NEW.creado_por = USER();
END
$$

--
-- Create trigger `productos_bu_er`
--
CREATE
DEFINER = 'root'@'%'
TRIGGER productos_bu_er
BEFORE UPDATE
ON productos
FOR EACH ROW
BEGIN
  SET NEW.fecha_ultima_modificacion = NOW(),
  NEW.fecha_modificacion_por = USER();
END
$$

--
-- Create trigger `productos_precio_au_er`
--
CREATE
DEFINER = 'root'@'%'
TRIGGER productos_precio_au_er
AFTER UPDATE
ON productos
FOR EACH ROW
FOLLOWS productos_au_er
BEGIN
  INSERT adm_precios_log (nombre_tabla, id_objeto, precio_nuevo, precio_anterior)
    VALUES ('productos', NEW.id_producto, NEW.precio_semanal, OLD.precio_semanal);
END
$$

--
-- Create trigger `productos_precio_esp_au_er`
--
CREATE
DEFINER = 'root'@'%'
TRIGGER productos_precio_esp_au_er
AFTER UPDATE
ON producto_precio_esp
FOR EACH ROW
BEGIN
  INSERT adm_precios_log (nombre_tabla, id_objeto, precio_nuevo, precio_anterior, id_cliente)
    VALUES ('producto_precio_esp', NEW.id_producto, NEW.precio_especial, OLD.precio_especial, NEW.id_cliente);
END
$$

--
-- Create trigger `producto_precio_esp_bi`
--
CREATE
DEFINER = 'root'@'%'
TRIGGER producto_precio_esp_bi
BEFORE INSERT
ON producto_precio_esp
FOR EACH ROW
BEGIN
  IF (NEW.precio_especial = NULL) THEN
    SELECT
      p.precio_semanal INTO @precio_actual
    FROM productos p
    WHERE p.id_producto = NEW.id_producto;
    SET NEW.precio_especial = @precio_actual;
  END IF;

END
$$

--
-- Create trigger `usuarios_ai_er`
--
CREATE
DEFINER = 'root'@'%'
TRIGGER usuarios_ai_er
AFTER INSERT
ON usuarios
FOR EACH ROW
BEGIN
  INSERT INTO adm_transacciones_log (nombre_tabla, nombre_objeto, id_objeto, tipo_transaccion, descripcion, fecha_creacion)
    VALUES ('usuarios', NEW.nombre_usuario, NEW.id_usuario, 'INSERT', CONCAT('Creacion del usuario ', new.nombre_usuario), NOW());
END
$$

--
-- Create trigger `usuarios_au_er`
--
CREATE
DEFINER = 'root'@'%'
TRIGGER usuarios_au_er
AFTER UPDATE
ON usuarios
FOR EACH ROW
BEGIN
  IF (NEW.status = 'I') THEN
    INSERT INTO adm_transacciones_log (nombre_tabla, nombre_objeto, id_objeto, tipo_transaccion, descripcion, fecha_creacion)
      VALUES ('usuarios', NEW.nombre_usuario, NEW.id_usuario, 'DELETE', CONCAT('Eliminacion del usuario ', OLD.nombre_usuario), NOW());
  ELSE
    INSERT INTO adm_transacciones_log (nombre_tabla, nombre_objeto, id_objeto, tipo_transaccion, descripcion, fecha_creacion)
      VALUES ('usuarios', NEW.nombre_usuario, NEW.id_usuario, 'UPDATE', CONCAT('Actualizacion del usuario ', OLD.nombre_usuario), NOW());
  END IF;
END
$$

--
-- Create trigger `usuarios_bi_er`
--
CREATE
DEFINER = 'root'@'%'
TRIGGER usuarios_bi_er
BEFORE INSERT
ON usuarios
FOR EACH ROW
BEGIN
  SET NEW.fecha_creacion = NOW(), NEW.creado_por = USER();
END
$$

--
-- Create trigger `usuarios_bu_up`
--
CREATE
DEFINER = 'root'@'%'
TRIGGER usuarios_bu_up
BEFORE UPDATE
ON usuarios
FOR EACH ROW
BEGIN
  SET NEW.fecha_ultima_modificacion = NOW(),
  NEW.fecha_modificacion_por = USER();
END
$$

--
-- Create trigger `clientes_bi_er`
--
CREATE
DEFINER = 'root'@'%'
TRIGGER clientes_bi_er
BEFORE INSERT
ON clientes
FOR EACH ROW
BEGIN
  SET NEW.fecha_creacion = NOW(), NEW.creado_por = USER();
END
$$

--
-- Create trigger `clientes_bu_er`
--
CREATE
DEFINER = 'root'@'%'
TRIGGER clientes_bu_er
BEFORE UPDATE
ON clientes
FOR EACH ROW
BEGIN
  SET NEW.fecha_ultima_modificacion = NOW(),
  NEW.fecha_modificacion_por = USER();
END
$$

DELIMITER ;

-- 
-- Restore previous SQL mode
-- 
/*!40101 SET SQL_MODE=@OLD_SQL_MODE */;

-- 
-- Enable foreign keys
-- 
/*!40014 SET FOREIGN_KEY_CHECKS = @OLD_FOREIGN_KEY_CHECKS */;